stimulus_name,youtube_id,start_ms,end_ms,start_sec,end_sec,duration_sec
vggtest_---g-f_I2yQ_1000_11000,---g-f_I2yQ,1000,11000,1.0,11.0,10.0
vggtest_--U7joUcTCo_0_10000,--U7joUcTCo,0,10000,0.0,10.0,10.0
vggtest_--i-y1v8Hy8_0_10000,--i-y1v8Hy8,0,10000,0.0,10.0,10.0
vggtest_-0pJqpNjft4_267000_277000,-0pJqpNjft4,267000,277000,267.0,277.0,10.0
vggtest_-0vPFx-wRRI_30000_40000,-0vPFx-wRRI,30000,40000,30.0,40.0,10.0
vggtest_-0yRK50zyTI_30000_40000,-0yRK50zyTI,30000,40000,30.0,40.0,10.0
vggtest_-1BtY81-D54_130000_140000,-1BtY81-D54,130000,140000,130.0,140.0,10.0
vggtest_-1EXhfqLLwQ_150000_160000,-1EXhfqLLwQ,150000,160000,150.0,160.0,10.0
vggtest_-2sOH8XovEE_484000_494000,-2sOH8XovEE,484000,494000,484.0,494.0,10.0
vggtest_-3-4qmWSJXU_30000_40000,-3-4qmWSJXU,30000,40000,30.0,40.0,10.0
vggtest_-3Kv4fdm7Uk_30000_40000,-3Kv4fdm7Uk,30000,40000,30.0,40.0,10.0
vggtest_-3RH8_aeZkk_105000_115000,-3RH8_aeZkk,105000,115000,105.0,115.0,10.0
vggtest_-3b9gwBYXp8_503000_513000,-3b9gwBYXp8,503000,513000,503.0,513.0,10.0
vggtest_-3z5mFRgbxc_30000_40000,-3z5mFRgbxc,30000,40000,30.0,40.0,10.0
vggtest_-4kkGS4-qVM_10000_20000,-4kkGS4-qVM,10000,20000,10.0,20.0,10.0
vggtest_-4pmCrSdMhg_30000_40000,-4pmCrSdMhg,30000,40000,30.0,40.0,10.0
vggtest_-4viN_EoxOA_0_10000,-4viN_EoxOA,0,10000,0.0,10.0,10.0
vggtest_-7IhwezUrUA_590000_600000,-7IhwezUrUA,590000,600000,590.0,600.0,10.0
vggtest_-7TanrCbmME_30000_40000,-7TanrCbmME,30000,40000,30.0,40.0,10.0
vggtest_-7YESdyyHVw_10000_20000,-7YESdyyHVw,10000,20000,10.0,20.0,10.0
vggtest_-7sg--aJdrc_39000_49000,-7sg--aJdrc,39000,49000,39.0,49.0,10.0
vggtest_-7tYmeOmsRg_58000_68000,-7tYmeOmsRg,58000,68000,58.0,68.0,10.0
vggtest_-8cgbhIR_pw_30000_40000,-8cgbhIR_pw,30000,40000,30.0,40.0,10.0
vggtest_-A1o1Egi20c_60000_70000,-A1o1Egi20c,60000,70000,60.0,70.0,10.0
vggtest_-BmjFZ1xu5Q_263000_273000,-BmjFZ1xu5Q,263000,273000,263.0,273.0,10.0
vggtest_-By6I234TSs_10000_20000,-By6I234TSs,10000,20000,10.0,20.0,10.0
vggtest_-CZ1LIc8aos_20000_30000,-CZ1LIc8aos,20000,30000,20.0,30.0,10.0
vggtest_-DnZ_ZY3lgA_160000_170000,-DnZ_ZY3lgA,160000,170000,160.0,170.0,10.0
vggtest_-HAoExLVs6Q_380000_390000,-HAoExLVs6Q,380000,390000,380.0,390.0,10.0
vggtest_-HMEhGV38GM_216000_226000,-HMEhGV38GM,216000,226000,216.0,226.0,10.0
vggtest_-IZbvEO9wzU_30000_40000,-IZbvEO9wzU,30000,40000,30.0,40.0,10.0
vggtest_-Igq1W20Gi8_0_10000,-Igq1W20Gi8,0,10000,0.0,10.0,10.0
vggtest_-Ii-kc3ufho_106000_116000,-Ii-kc3ufho,106000,116000,106.0,116.0,10.0
vggtest_-JGpAlLrSD0_458000_468000,-JGpAlLrSD0,458000,468000,458.0,468.0,10.0
vggtest_-JUBdOr8Hes_30000_40000,-JUBdOr8Hes,30000,40000,30.0,40.0,10.0
vggtest_-JUhUI_KvUI_26000_36000,-JUhUI_KvUI,26000,36000,26.0,36.0,10.0
vggtest_-K-ccLMFE5M_245000_255000,-K-ccLMFE5M,245000,255000,245.0,255.0,10.0
vggtest_-K1BRF6qng8_30000_40000,-K1BRF6qng8,30000,40000,30.0,40.0,10.0
vggtest_-Lmibx_Iu_E_173000_183000,-Lmibx_Iu_E,173000,183000,173.0,183.0,10.0
vggtest_-M6K3QoHh40_30000_40000,-M6K3QoHh40,30000,40000,30.0,40.0,10.0
vggtest_-MIwX2AaUas_158000_168000,-MIwX2AaUas,158000,168000,158.0,168.0,10.0
vggtest_-N00SskHxS4_529000_539000,-N00SskHxS4,529000,539000,529.0,539.0,10.0
vggtest_-OAyRsvFGgc_30000_40000,-OAyRsvFGgc,30000,40000,30.0,40.0,10.0
vggtest_-PvlrLjIAYo_9000_19000,-PvlrLjIAYo,9000,19000,9.0,19.0,10.0
vggtest_-PyXfNxnHKs_110000_120000,-PyXfNxnHKs,110000,120000,110.0,120.0,10.0
vggtest_-Qowmc0P9ic_34000_44000,-Qowmc0P9ic,34000,44000,34.0,44.0,10.0
vggtest_-Sd-j0rKeKw_30000_40000,-Sd-j0rKeKw,30000,40000,30.0,40.0,10.0
vggtest_-T8L4SVm3u0_1000_11000,-T8L4SVm3u0,1000,11000,1.0,11.0,10.0
vggtest_-Tok_g_jgE0_268000_278000,-Tok_g_jgE0,268000,278000,268.0,278.0,10.0
vggtest_-VLOm8cJZRI_70000_80000,-VLOm8cJZRI,70000,80000,70.0,80.0,10.0
vggtest_-VevyIayGM0_0_10000,-VevyIayGM0,0,10000,0.0,10.0,10.0
vggtest_-Vo4CAMX26U_30000_40000,-Vo4CAMX26U,30000,40000,30.0,40.0,10.0
vggtest_-Wd5YV97ftU_320000_330000,-Wd5YV97ftU,320000,330000,320.0,330.0,10.0
vggtest_-XwtCzUaN1I_160000_170000,-XwtCzUaN1I,160000,170000,160.0,170.0,10.0
vggtest_-Y8sJDoL1YA_15000_25000,-Y8sJDoL1YA,15000,25000,15.0,25.0,10.0
vggtest_-_f_ClsDxyc_80000_90000,-_f_ClsDxyc,80000,90000,80.0,90.0,10.0
vggtest_-aK9JKAGme0_51000_61000,-aK9JKAGme0,51000,61000,51.0,61.0,10.0
vggtest_-aUJLRXkj-Y_118000_128000,-aUJLRXkj-Y,118000,128000,118.0,128.0,10.0
vggtest_-aXWYfAdovc_230000_240000,-aXWYfAdovc,230000,240000,230.0,240.0,10.0
vggtest_-b42018ceoE_78000_88000,-b42018ceoE,78000,88000,78.0,88.0,10.0
vggtest_-c6baaENcjA_204000_214000,-c6baaENcjA,204000,214000,204.0,214.0,10.0
vggtest_-cA9HsnV1ao_30000_40000,-cA9HsnV1ao,30000,40000,30.0,40.0,10.0
vggtest_-dRucPKqTFc_7000_17000,-dRucPKqTFc,7000,17000,7.0,17.0,10.0
vggtest_-e4wXAy1iVo_0_10000,-e4wXAy1iVo,0,10000,0.0,10.0,10.0
vggtest_-f1DNyngKVY_30000_40000,-f1DNyngKVY,30000,40000,30.0,40.0,10.0
vggtest_-fAGzY9rnaA_30000_40000,-fAGzY9rnaA,30000,40000,30.0,40.0,10.0
vggtest_-fAVezaAX18_126000_136000,-fAVezaAX18,126000,136000,126.0,136.0,10.0
vggtest_-fmmdkXn5YA_210000_220000,-fmmdkXn5YA,210000,220000,210.0,220.0,10.0
vggtest_-fz6omiAhZ8_40000_50000,-fz6omiAhZ8,40000,50000,40.0,50.0,10.0
vggtest_-gCqnkIUmp0_140000_150000,-gCqnkIUmp0,140000,150000,140.0,150.0,10.0
vggtest_-h5ZGw9Ci5c_450000_460000,-h5ZGw9Ci5c,450000,460000,450.0,460.0,10.0
vggtest_-hA3ZkfDz30_500000_510000,-hA3ZkfDz30,500000,510000,500.0,510.0,10.0
vggtest_-hJ1YTZ5AGI_30000_40000,-hJ1YTZ5AGI,30000,40000,30.0,40.0,10.0
vggtest_-hSwZyPPJTc_75000_85000,-hSwZyPPJTc,75000,85000,75.0,85.0,10.0
vggtest_-hYRFCQdbLg_30000_40000,-hYRFCQdbLg,30000,40000,30.0,40.0,10.0
vggtest_-hedbpc8T0E_30000_40000,-hedbpc8T0E,30000,40000,30.0,40.0,10.0
vggtest_-hfAbHHlj44_30000_40000,-hfAbHHlj44,30000,40000,30.0,40.0,10.0
vggtest_-jA7nRwQp_E_30000_40000,-jA7nRwQp_E,30000,40000,30.0,40.0,10.0
vggtest_-jFSYIHh6zc_30000_40000,-jFSYIHh6zc,30000,40000,30.0,40.0,10.0
vggtest_-jZENGDFArw_80000_90000,-jZENGDFArw,80000,90000,80.0,90.0,10.0
vggtest_-jaY3LS3Dv0_30000_40000,-jaY3LS3Dv0,30000,40000,30.0,40.0,10.0
vggtest_-kWlE2dkoxc_170000_180000,-kWlE2dkoxc,170000,180000,170.0,180.0,10.0
vggtest_-l-E3kyNcag_150000_160000,-l-E3kyNcag,150000,160000,150.0,160.0,10.0
vggtest_-lPXTBXa0tE_30000_40000,-lPXTBXa0tE,30000,40000,30.0,40.0,10.0
vggtest_-mKtgDnG0oM_30000_40000,-mKtgDnG0oM,30000,40000,30.0,40.0,10.0
vggtest_-miI_C3At4Y_104000_114000,-miI_C3At4Y,104000,114000,104.0,114.0,10.0
vggtest_-nDPmlHReow_60000_70000,-nDPmlHReow,60000,70000,60.0,70.0,10.0
vggtest_-nJbGyPg6BY_60000_70000,-nJbGyPg6BY,60000,70000,60.0,70.0,10.0
vggtest_-nQ9a0P1TlY_23000_33000,-nQ9a0P1TlY,23000,33000,23.0,33.0,10.0
vggtest_-na-0NBG5Ow_1000_11000,-na-0NBG5Ow,1000,11000,1.0,11.0,10.0
vggtest_-nlkWWphiaM_30000_40000,-nlkWWphiaM,30000,40000,30.0,40.0,10.0
vggtest_-oOARU0JwWE_153000_163000,-oOARU0JwWE,153000,163000,153.0,163.0,10.0
vggtest_-oSzD8P2BtU_30000_40000,-oSzD8P2BtU,30000,40000,30.0,40.0,10.0
vggtest_-qtYcqvW_oc_330000_340000,-qtYcqvW_oc,330000,340000,330.0,340.0,10.0
vggtest_-r2-9oyIzkQ_30000_40000,-r2-9oyIzkQ,30000,40000,30.0,40.0,10.0
vggtest_-r3nM90RCNs_161000_171000,-r3nM90RCNs,161000,171000,161.0,171.0,10.0
vggtest_-rTTPoBJNI4_123000_133000,-rTTPoBJNI4,123000,133000,123.0,133.0,10.0
vggtest_-s5ZidRvnjQ_250000_260000,-s5ZidRvnjQ,250000,260000,250.0,260.0,10.0
vggtest_-uD3ZbhFTnk_77000_87000,-uD3ZbhFTnk,77000,87000,77.0,87.0,10.0
vggtest_-uaTK8sa5Ms_10000_20000,-uaTK8sa5Ms,10000,20000,10.0,20.0,10.0
vggtest_-wQ8El8J_dE_30000_40000,-wQ8El8J_dE,30000,40000,30.0,40.0,10.0
vggtest_-wnDAPcoPsk_30000_40000,-wnDAPcoPsk,30000,40000,30.0,40.0,10.0
vggtest_-yrglmBmErg_225000_235000,-yrglmBmErg,225000,235000,225.0,235.0,10.0
vggtest_-z4OZ7ls5Bo_540000_550000,-z4OZ7ls5Bo,540000,550000,540.0,550.0,10.0
vggtest_-zwjoyBo2s8_285000_295000,-zwjoyBo2s8,285000,295000,285.0,295.0,10.0
vggtest_0-6N0Qagy5A_10000_20000,0-6N0Qagy5A,10000,20000,10.0,20.0,10.0
vggtest_0-EgET9q3qE_30000_40000,0-EgET9q3qE,30000,40000,30.0,40.0,10.0
vggtest_0-jDld11jhw_164000_174000,0-jDld11jhw,164000,174000,164.0,174.0,10.0
vggtest_0-jDld11jhw_93000_103000,0-jDld11jhw,93000,103000,93.0,103.0,10.0
vggtest_0-o0oZvSFOk_30000_40000,0-o0oZvSFOk,30000,40000,30.0,40.0,10.0
vggtest_00KM53yZi2A_30000_40000,00KM53yZi2A,30000,40000,30.0,40.0,10.0
vggtest_00QQLLcny14_83000_93000,00QQLLcny14,83000,93000,83.0,93.0,10.0
vggtest_00gxEsWO4mo_259000_269000,00gxEsWO4mo,259000,269000,259.0,269.0,10.0
vggtest_00wORCOKNHw_14000_24000,00wORCOKNHw,14000,24000,14.0,24.0,10.0
vggtest_00z0M1DJyAw_90000_100000,00z0M1DJyAw,90000,100000,90.0,100.0,10.0
vggtest_01Iho7loxL0_15000_25000,01Iho7loxL0,15000,25000,15.0,25.0,10.0
vggtest_01SaXyGY5SM_30000_40000,01SaXyGY5SM,30000,40000,30.0,40.0,10.0
vggtest_01j_x89dowI_481000_491000,01j_x89dowI,481000,491000,481.0,491.0,10.0
vggtest_02Ak1eIyj3M_30000_40000,02Ak1eIyj3M,30000,40000,30.0,40.0,10.0
vggtest_05GsUEyThd8_13000_23000,05GsUEyThd8,13000,23000,13.0,23.0,10.0
vggtest_07FxCXxknY4_30000_40000,07FxCXxknY4,30000,40000,30.0,40.0,10.0
vggtest_0B7fwvTtvLM_0_10000,0B7fwvTtvLM,0,10000,0.0,10.0,10.0
vggtest_0BCkxfdk6fk_761000_771000,0BCkxfdk6fk,761000,771000,761.0,771.0,10.0
vggtest_0BauNGmZtTU_250000_260000,0BauNGmZtTU,250000,260000,250.0,260.0,10.0
vggtest_0Br877mW7_c_10000_20000,0Br877mW7_c,10000,20000,10.0,20.0,10.0
vggtest_0CA5CPHRXDc_0_10000,0CA5CPHRXDc,0,10000,0.0,10.0,10.0
vggtest_0CEsVHHkwww_30000_40000,0CEsVHHkwww,30000,40000,30.0,40.0,10.0
vggtest_0CQnnJq9xn0_75000_85000,0CQnnJq9xn0,75000,85000,75.0,85.0,10.0
vggtest_0CTgEP0SIVg_10000_20000,0CTgEP0SIVg,10000,20000,10.0,20.0,10.0
vggtest_0Cl6hXpryhY_30000_40000,0Cl6hXpryhY,30000,40000,30.0,40.0,10.0
vggtest_0Cu33yBwAPg_60000_70000,0Cu33yBwAPg,60000,70000,60.0,70.0,10.0
vggtest_0CzC0-cXe8M_30000_40000,0CzC0-cXe8M,30000,40000,30.0,40.0,10.0
vggtest_0D8KognM4uY_282000_292000,0D8KognM4uY,282000,292000,282.0,292.0,10.0
vggtest_0DOFzYwOoPg_133000_143000,0DOFzYwOoPg,133000,143000,133.0,143.0,10.0
vggtest_0DzsPL-xElE_20000_30000,0DzsPL-xElE,20000,30000,20.0,30.0,10.0
vggtest_0E6KS8B6DMc_540000_550000,0E6KS8B6DMc,540000,550000,540.0,550.0,10.0
vggtest_0F04c_rY4aw_0_10000,0F04c_rY4aw,0,10000,0.0,10.0,10.0
vggtest_0G50t4FlbIA_60000_70000,0G50t4FlbIA,60000,70000,60.0,70.0,10.0
vggtest_0GBi8uR4ZeM_7000_17000,0GBi8uR4ZeM,7000,17000,7.0,17.0,10.0
vggtest_0H2tR-oOvIY_3000_13000,0H2tR-oOvIY,3000,13000,3.0,13.0,10.0
vggtest_0HBJuYt2Eys_32000_42000,0HBJuYt2Eys,32000,42000,32.0,42.0,10.0
vggtest_0HXYdGGKV2k_30000_40000,0HXYdGGKV2k,30000,40000,30.0,40.0,10.0
vggtest_0HbhE91JB-k_360000_370000,0HbhE91JB-k,360000,370000,360.0,370.0,10.0
vggtest_0IzhjqyDzt8_0_10000,0IzhjqyDzt8,0,10000,0.0,10.0,10.0
vggtest_0J_TdiZ3TKA_30000_40000,0J_TdiZ3TKA,30000,40000,30.0,40.0,10.0
vggtest_0Jq6WJLLSIk_4000_14000,0Jq6WJLLSIk,4000,14000,4.0,14.0,10.0
vggtest_0KAeUAAoVnY_143000_153000,0KAeUAAoVnY,143000,153000,143.0,153.0,10.0
vggtest_0KAeUAAoVnY_186000_196000,0KAeUAAoVnY,186000,196000,186.0,196.0,10.0
vggtest_0KIC9xmmD8g_105000_115000,0KIC9xmmD8g,105000,115000,105.0,115.0,10.0
vggtest_0KOPvSUlNjI_180000_190000,0KOPvSUlNjI,180000,190000,180.0,190.0,10.0
vggtest_0LY5zuRlIac_0_10000,0LY5zuRlIac,0,10000,0.0,10.0,10.0
vggtest_0LwSy-xZSPw_112000_122000,0LwSy-xZSPw,112000,122000,112.0,122.0,10.0
vggtest_0MU2SG5ME1E_16000_26000,0MU2SG5ME1E,16000,26000,16.0,26.0,10.0
vggtest_0N3-lCzOQPI_0_10000,0N3-lCzOQPI,0,10000,0.0,10.0,10.0
vggtest_0N6S5OoG7Vg_150000_160000,0N6S5OoG7Vg,150000,160000,150.0,160.0,10.0
vggtest_0N9EN0BEjP0_430000_440000,0N9EN0BEjP0,430000,440000,430.0,440.0,10.0
vggtest_0NZLG7HMiLg_590000_600000,0NZLG7HMiLg,590000,600000,590.0,600.0,10.0
vggtest_0NZQRllfNhE_140000_150000,0NZQRllfNhE,140000,150000,140.0,150.0,10.0
vggtest_0OFlTh2_Obo_30000_40000,0OFlTh2_Obo,30000,40000,30.0,40.0,10.0
vggtest_0OLYyjqNdn4_352000_362000,0OLYyjqNdn4,352000,362000,352.0,362.0,10.0
vggtest_0Olm321vgk8_30000_40000,0Olm321vgk8,30000,40000,30.0,40.0,10.0
vggtest_0PKdFG3iB8w_430000_440000,0PKdFG3iB8w,430000,440000,430.0,440.0,10.0
vggtest_0QSPtpp1HN8_30000_40000,0QSPtpp1HN8,30000,40000,30.0,40.0,10.0
vggtest_0QYedLfOwcI_40000_50000,0QYedLfOwcI,40000,50000,40.0,50.0,10.0
vggtest_0R85JknaH-w_90000_100000,0R85JknaH-w,90000,100000,90.0,100.0,10.0
vggtest_0RZRFj7zDnQ_30000_40000,0RZRFj7zDnQ,30000,40000,30.0,40.0,10.0
vggtest_0Rqa18lmDtw_153000_163000,0Rqa18lmDtw,153000,163000,153.0,163.0,10.0
vggtest_0SnjS2w_c80_520000_530000,0SnjS2w_c80,520000,530000,520.0,530.0,10.0
vggtest_0T39A4knSu4_25000_35000,0T39A4knSu4,25000,35000,25.0,35.0,10.0
vggtest_0T39A4knSu4_57000_67000,0T39A4knSu4,57000,67000,57.0,67.0,10.0
vggtest_0T966F09Q_8_0_10000,0T966F09Q_8,0,10000,0.0,10.0,10.0
vggtest_0TuhcsOwEEs_64000_74000,0TuhcsOwEEs,64000,74000,64.0,74.0,10.0
vggtest_0UJpeR9-ayg_213000_223000,0UJpeR9-ayg,213000,223000,213.0,223.0,10.0
vggtest_0VW4nelMODc_259000_269000,0VW4nelMODc,259000,269000,259.0,269.0,10.0
vggtest_0VW4nelMODc_271000_281000,0VW4nelMODc,271000,281000,271.0,281.0,10.0
vggtest_0W1sNicXboU_60000_70000,0W1sNicXboU,60000,70000,60.0,70.0,10.0
vggtest_0WTf_N9NPDw_23000_33000,0WTf_N9NPDw,23000,33000,23.0,33.0,10.0
vggtest_0Wkk9iNzA9c_30000_40000,0Wkk9iNzA9c,30000,40000,30.0,40.0,10.0
vggtest_0Wxl_LzqguI_288000_298000,0Wxl_LzqguI,288000,298000,288.0,298.0,10.0
vggtest_0XDEooC1h7s_0_10000,0XDEooC1h7s,0,10000,0.0,10.0,10.0
vggtest_0XFFOBzJ3aw_120000_130000,0XFFOBzJ3aw,120000,130000,120.0,130.0,10.0
vggtest_0XSNrKgA94g_30000_40000,0XSNrKgA94g,30000,40000,30.0,40.0,10.0
vggtest_0XxinBtKouQ_30000_40000,0XxinBtKouQ,30000,40000,30.0,40.0,10.0
vggtest_0YIWrXgCjiM_30000_40000,0YIWrXgCjiM,30000,40000,30.0,40.0,10.0
vggtest_0YI_WYJVv2M_30000_40000,0YI_WYJVv2M,30000,40000,30.0,40.0,10.0
vggtest_0YTieIiZNN4_10000_20000,0YTieIiZNN4,10000,20000,10.0,20.0,10.0
vggtest_0YiyCktu7bs_1000_11000,0YiyCktu7bs,1000,11000,1.0,11.0,10.0
vggtest_0Z760XNy4VM_30000_40000,0Z760XNy4VM,30000,40000,30.0,40.0,10.0
vggtest_0ZxpQ87jdgQ_37000_47000,0ZxpQ87jdgQ,37000,47000,37.0,47.0,10.0
vggtest_0_8-g2rof7E_49000_59000,0_8-g2rof7E,49000,59000,49.0,59.0,10.0
vggtest_0_9-dbUW0hU_30000_40000,0_9-dbUW0hU,30000,40000,30.0,40.0,10.0
vggtest_0_B2YnBAz3A_220000_230000,0_B2YnBAz3A,220000,230000,220.0,230.0,10.0
vggtest_0_FFqLukmHk_80000_90000,0_FFqLukmHk,80000,90000,80.0,90.0,10.0
vggtest_0_O6nVfnCH8_210000_220000,0_O6nVfnCH8,210000,220000,210.0,220.0,10.0
vggtest_0a264PE9qEY_24000_34000,0a264PE9qEY,24000,34000,24.0,34.0,10.0
vggtest_0aaLWD7TUSU_30000_40000,0aaLWD7TUSU,30000,40000,30.0,40.0,10.0
vggtest_0bBJkY4_zs8_33000_43000,0bBJkY4_zs8,33000,43000,33.0,43.0,10.0
vggtest_0bKpv6YBl7g_50000_60000,0bKpv6YBl7g,50000,60000,50.0,60.0,10.0
vggtest_0c78GAZ0jLY_5000_15000,0c78GAZ0jLY,5000,15000,5.0,15.0,10.0
vggtest_0cNYPgD6cEA_30000_40000,0cNYPgD6cEA,30000,40000,30.0,40.0,10.0
vggtest_0d6YdyxkXzQ_815000_825000,0d6YdyxkXzQ,815000,825000,815.0,825.0,10.0
vggtest_0dC1f6bdyr4_142000_152000,0dC1f6bdyr4,142000,152000,142.0,152.0,10.0
vggtest_0dC6Ay0oqWk_30000_40000,0dC6Ay0oqWk,30000,40000,30.0,40.0,10.0
vggtest_0dUL0EweBEY_387000_397000,0dUL0EweBEY,387000,397000,387.0,397.0,10.0
vggtest_0dUL0EweBEY_423000_433000,0dUL0EweBEY,423000,433000,423.0,433.0,10.0
vggtest_0dd6AlyOnfc_30000_40000,0dd6AlyOnfc,30000,40000,30.0,40.0,10.0
vggtest_0eDN0YmnJRY_2000_12000,0eDN0YmnJRY,2000,12000,2.0,12.0,10.0
vggtest_0eTrzI5-ong_30000_40000,0eTrzI5-ong,30000,40000,30.0,40.0,10.0
vggtest_0eZHWqzsRqU_5000_15000,0eZHWqzsRqU,5000,15000,5.0,15.0,10.0
vggtest_0foC-4n-eH0_0_10000,0foC-4n-eH0,0,10000,0.0,10.0,10.0
vggtest_0fqtA_ZBn_8_30000_40000,0fqtA_ZBn_8,30000,40000,30.0,40.0,10.0
vggtest_0fsFWLev-q4_257000_267000,0fsFWLev-q4,257000,267000,257.0,267.0,10.0
vggtest_0g4SlqjORM4_80000_90000,0g4SlqjORM4,80000,90000,80.0,90.0,10.0
vggtest_0g_-KI5NZ-E_30000_40000,0g_-KI5NZ-E,30000,40000,30.0,40.0,10.0
vggtest_0glBUluF4Yk_175000_185000,0glBUluF4Yk,175000,185000,175.0,185.0,10.0
vggtest_0hOD_iIeePk_30000_40000,0hOD_iIeePk,30000,40000,30.0,40.0,10.0
vggtest_0hWIKYNSEPE_80000_90000,0hWIKYNSEPE,80000,90000,80.0,90.0,10.0
vggtest_0he6VV5Y9Bg_30000_40000,0he6VV5Y9Bg,30000,40000,30.0,40.0,10.0
vggtest_0hfU27A6tus_70000_80000,0hfU27A6tus,70000,80000,70.0,80.0,10.0
vggtest_0hjqlmdPT6g_50000_60000,0hjqlmdPT6g,50000,60000,50.0,60.0,10.0
vggtest_0iX0QmnbrK4_85000_95000,0iX0QmnbrK4,85000,95000,85.0,95.0,10.0
vggtest_0iiwZ2_9Vi8_90000_100000,0iiwZ2_9Vi8,90000,100000,90.0,100.0,10.0
vggtest_0izHOfrwPn4_180000_190000,0izHOfrwPn4,180000,190000,180.0,190.0,10.0
vggtest_0jiu0RNizU8_160000_170000,0jiu0RNizU8,160000,170000,160.0,170.0,10.0
vggtest_0ju5RWqEwGQ_108000_118000,0ju5RWqEwGQ,108000,118000,108.0,118.0,10.0
vggtest_0ju5RWqEwGQ_33000_43000,0ju5RWqEwGQ,33000,43000,33.0,43.0,10.0
vggtest_0jy-sVREk4o_30000_40000,0jy-sVREk4o,30000,40000,30.0,40.0,10.0
vggtest_0kK-PnupAow_86000_96000,0kK-PnupAow,86000,96000,86.0,96.0,10.0
vggtest_0kqQNBR09Rc_90000_100000,0kqQNBR09Rc,90000,100000,90.0,100.0,10.0
vggtest_0loP4WNnL2k_0_10000,0loP4WNnL2k,0,10000,0.0,10.0,10.0
vggtest_0m9-5BkL4Mc_30000_40000,0m9-5BkL4Mc,30000,40000,30.0,40.0,10.0
vggtest_0mNvPaqfwUI_220000_230000,0mNvPaqfwUI,220000,230000,220.0,230.0,10.0
vggtest_0mZQ6Q-viPw_10000_20000,0mZQ6Q-viPw,10000,20000,10.0,20.0,10.0
vggtest_0n56ajMNoMA_118000_128000,0n56ajMNoMA,118000,128000,118.0,128.0,10.0
vggtest_0nYltlo90Zc_147000_157000,0nYltlo90Zc,147000,157000,147.0,157.0,10.0
vggtest_0nYltlo90Zc_161000_171000,0nYltlo90Zc,161000,171000,161.0,171.0,10.0
vggtest_0nib7bMm8BA_15000_25000,0nib7bMm8BA,15000,25000,15.0,25.0,10.0
vggtest_0nvBTp-q7tU_112000_122000,0nvBTp-q7tU,112000,122000,112.0,122.0,10.0
vggtest_0olhNr566Z0_18000_28000,0olhNr566Z0,18000,28000,18.0,28.0,10.0
vggtest_0onKcFY1Tu0_2000_12000,0onKcFY1Tu0,2000,12000,2.0,12.0,10.0
vggtest_0pHTgC1Frnw_350000_360000,0pHTgC1Frnw,350000,360000,350.0,360.0,10.0
vggtest_0q6GOUn_dhU_66000_76000,0q6GOUn_dhU,66000,76000,66.0,76.0,10.0
vggtest_0q9FUj_2qMc_539000_549000,0q9FUj_2qMc,539000,549000,539.0,549.0,10.0
vggtest_0s62qg0kfJE_13000_23000,0s62qg0kfJE,13000,23000,13.0,23.0,10.0
vggtest_0sT6vnChbrc_0_10000,0sT6vnChbrc,0,10000,0.0,10.0,10.0
vggtest_0slFEpnTKkY_115000_125000,0slFEpnTKkY,115000,125000,115.0,125.0,10.0
vggtest_0ssOpzqkojU_30000_40000,0ssOpzqkojU,30000,40000,30.0,40.0,10.0
vggtest_0t1jQa_Lj_E_130000_140000,0t1jQa_Lj_E,130000,140000,130.0,140.0,10.0
vggtest_0u5dddSWuj8_30000_40000,0u5dddSWuj8,30000,40000,30.0,40.0,10.0
vggtest_0uMEyyhzaqU_34000_44000,0uMEyyhzaqU,34000,44000,34.0,44.0,10.0
vggtest_0unbxXUE_c0_114000_124000,0unbxXUE_c0,114000,124000,114.0,124.0,10.0
vggtest_0ut4if4B6zM_56000_66000,0ut4if4B6zM,56000,66000,56.0,66.0,10.0
vggtest_0vFPs6XsU_Q_30000_40000,0vFPs6XsU_Q,30000,40000,30.0,40.0,10.0
vggtest_0vg9qxNKXOw_30000_40000,0vg9qxNKXOw,30000,40000,30.0,40.0,10.0
vggtest_0w7pCxwXzVc_120000_130000,0w7pCxwXzVc,120000,130000,120.0,130.0,10.0
vggtest_0w9PLY1owzk_108000_118000,0w9PLY1owzk,108000,118000,108.0,118.0,10.0
vggtest_0welW-8hB1c_71000_81000,0welW-8hB1c,71000,81000,71.0,81.0,10.0
vggtest_0wzsE67O5tE_230000_240000,0wzsE67O5tE,230000,240000,230.0,240.0,10.0
vggtest_0x9TnOQ5Nhw_20000_30000,0x9TnOQ5Nhw,20000,30000,20.0,30.0,10.0
vggtest_0xDlT_u31fg_30000_40000,0xDlT_u31fg,30000,40000,30.0,40.0,10.0
vggtest_0yxJzCQW5zI_30000_40000,0yxJzCQW5zI,30000,40000,30.0,40.0,10.0
vggtest_1-feQHDL-Qo_30000_40000,1-feQHDL-Qo,30000,40000,30.0,40.0,10.0
vggtest_14tRPoQA4q0_4000_14000,14tRPoQA4q0,4000,14000,4.0,14.0,10.0
vggtest_15aMq3FEyjQ_26000_36000,15aMq3FEyjQ,26000,36000,26.0,36.0,10.0
vggtest_1B-RuZgSqf8_30000_40000,1B-RuZgSqf8,30000,40000,30.0,40.0,10.0
vggtest_1BivKH8w7Fo_37000_47000,1BivKH8w7Fo,37000,47000,37.0,47.0,10.0
vggtest_1BivKH8w7Fo_82000_92000,1BivKH8w7Fo,82000,92000,82.0,92.0,10.0
vggtest_1Bv79-2FK-g_140000_150000,1Bv79-2FK-g,140000,150000,140.0,150.0,10.0
vggtest_1CGx8zxQFx4_70000_80000,1CGx8zxQFx4,70000,80000,70.0,80.0,10.0
vggtest_1CIh0UNxXrI_50000_60000,1CIh0UNxXrI,50000,60000,50.0,60.0,10.0
vggtest_1CZ-bybGzu4_30000_40000,1CZ-bybGzu4,30000,40000,30.0,40.0,10.0
vggtest_1D4LxbOVn1I_30000_40000,1D4LxbOVn1I,30000,40000,30.0,40.0,10.0
vggtest_1D6UsaTflJ8_60000_70000,1D6UsaTflJ8,60000,70000,60.0,70.0,10.0
vggtest_1DDBWHBebR4_50000_60000,1DDBWHBebR4,50000,60000,50.0,60.0,10.0
vggtest_1DJYkemV_0I_101000_111000,1DJYkemV_0I,101000,111000,101.0,111.0,10.0
vggtest_1De-OI8YG-M_7000_17000,1De-OI8YG-M,7000,17000,7.0,17.0,10.0
vggtest_1DlGh4su-Ms_25000_35000,1DlGh4su-Ms,25000,35000,25.0,35.0,10.0
vggtest_1DrrBnFlylU_0_10000,1DrrBnFlylU,0,10000,0.0,10.0,10.0
vggtest_1EH6atYydBc_90000_100000,1EH6atYydBc,90000,100000,90.0,100.0,10.0
vggtest_1ENC2smc8Ig_30000_40000,1ENC2smc8Ig,30000,40000,30.0,40.0,10.0
vggtest_1EWkwWXwI1g_210000_220000,1EWkwWXwI1g,210000,220000,210.0,220.0,10.0
vggtest_1EuGaYmvlXM_170000_180000,1EuGaYmvlXM,170000,180000,170.0,180.0,10.0
vggtest_1F23RciUwDE_30000_40000,1F23RciUwDE,30000,40000,30.0,40.0,10.0
vggtest_1F3_bvIT0ig_0_10000,1F3_bvIT0ig,0,10000,0.0,10.0,10.0
vggtest_1F9zCsJyw6k_230000_240000,1F9zCsJyw6k,230000,240000,230.0,240.0,10.0
vggtest_1FWUnWVX5Xk_159000_169000,1FWUnWVX5Xk,159000,169000,159.0,169.0,10.0
vggtest_1G6wtnmdZhE_30000_40000,1G6wtnmdZhE,30000,40000,30.0,40.0,10.0
vggtest_1GDAnA4hAqQ_105000_115000,1GDAnA4hAqQ,105000,115000,105.0,115.0,10.0
vggtest_1GI75yXlrTk_29000_39000,1GI75yXlrTk,29000,39000,29.0,39.0,10.0
vggtest_1GyO48dbGCI_0_10000,1GyO48dbGCI,0,10000,0.0,10.0,10.0
vggtest_1Isq_KJHriU_16000_26000,1Isq_KJHriU,16000,26000,16.0,26.0,10.0
vggtest_1JSbmO1NQzk_130000_140000,1JSbmO1NQzk,130000,140000,130.0,140.0,10.0
vggtest_1JY4rwQZn3s_11000_21000,1JY4rwQZn3s,11000,21000,11.0,21.0,10.0
vggtest_1J_j6c2uQaM_30000_40000,1J_j6c2uQaM,30000,40000,30.0,40.0,10.0
vggtest_1JfwuwHV0hc_212000_222000,1JfwuwHV0hc,212000,222000,212.0,222.0,10.0
vggtest_1Jo_WQrPc1Q_140000_150000,1Jo_WQrPc1Q,140000,150000,140.0,150.0,10.0
vggtest_1KLmIS-v60U_10000_20000,1KLmIS-v60U,10000,20000,10.0,20.0,10.0
vggtest_1KiFXylkPpg_10000_20000,1KiFXylkPpg,10000,20000,10.0,20.0,10.0
vggtest_1KpqiBhyP7Q_8000_18000,1KpqiBhyP7Q,8000,18000,8.0,18.0,10.0
vggtest_1LA8BxMlXSY_80000_90000,1LA8BxMlXSY,80000,90000,80.0,90.0,10.0
vggtest_1LPIxPA6-O8_261000_271000,1LPIxPA6-O8,261000,271000,261.0,271.0,10.0
vggtest_1LTxZ2aNytc_30000_40000,1LTxZ2aNytc,30000,40000,30.0,40.0,10.0
vggtest_1MTKUN3uFrs_440000_450000,1MTKUN3uFrs,440000,450000,440.0,450.0,10.0
vggtest_1MaEJRh2oGY_34000_44000,1MaEJRh2oGY,34000,44000,34.0,44.0,10.0
vggtest_1MaEJRh2oGY_89000_99000,1MaEJRh2oGY,89000,99000,89.0,99.0,10.0
vggtest_1MgcrYdYas0_30000_40000,1MgcrYdYas0,30000,40000,30.0,40.0,10.0
vggtest_1NV87x_JYnQ_368000_378000,1NV87x_JYnQ,368000,378000,368.0,378.0,10.0
vggtest_1Ny5ZlcBlcQ_30000_40000,1Ny5ZlcBlcQ,30000,40000,30.0,40.0,10.0
vggtest_1O-WeYTRS4w_370000_380000,1O-WeYTRS4w,370000,380000,370.0,380.0,10.0
vggtest_1ON1iLkUPp8_40000_50000,1ON1iLkUPp8,40000,50000,40.0,50.0,10.0
vggtest_1OpNI5DjxC0_30000_40000,1OpNI5DjxC0,30000,40000,30.0,40.0,10.0
vggtest_1P9yEzO1Bic_25000_35000,1P9yEzO1Bic,25000,35000,25.0,35.0,10.0
vggtest_1PAb2MoavDc_210000_220000,1PAb2MoavDc,210000,220000,210.0,220.0,10.0
vggtest_1PPboJuO1Ks_21000_31000,1PPboJuO1Ks,21000,31000,21.0,31.0,10.0
vggtest_1QBsc_IXg8U_750000_760000,1QBsc_IXg8U,750000,760000,750.0,760.0,10.0
vggtest_1QtsF8qkX1Y_70000_80000,1QtsF8qkX1Y,70000,80000,70.0,80.0,10.0
vggtest_1RAcDEFEszA_93000_103000,1RAcDEFEszA,93000,103000,93.0,103.0,10.0
vggtest_1RfdLnNRLfA_149000_159000,1RfdLnNRLfA,149000,159000,149.0,159.0,10.0
vggtest_1RhYdQnZ_hw_30000_40000,1RhYdQnZ_hw,30000,40000,30.0,40.0,10.0
vggtest_1RwhRTe-OKk_30000_40000,1RwhRTe-OKk,30000,40000,30.0,40.0,10.0
vggtest_1SBP-Dy8_II_119000_129000,1SBP-Dy8_II,119000,129000,119.0,129.0,10.0
vggtest_1SPu2hsIhDw_167000_177000,1SPu2hsIhDw,167000,177000,167.0,177.0,10.0
vggtest_1TAOyk0Xgss_370000_380000,1TAOyk0Xgss,370000,380000,370.0,380.0,10.0
vggtest_1TJrceFMGrU_114000_124000,1TJrceFMGrU,114000,124000,114.0,124.0,10.0
vggtest_1TP8JyI5vHI_30000_40000,1TP8JyI5vHI,30000,40000,30.0,40.0,10.0
vggtest_1Tg9VvRZN5k_30000_40000,1Tg9VvRZN5k,30000,40000,30.0,40.0,10.0
vggtest_1Uj_ulATth0_360000_370000,1Uj_ulATth0,360000,370000,360.0,370.0,10.0
vggtest_1Vt6qYw1BnQ_2000_12000,1Vt6qYw1BnQ,2000,12000,2.0,12.0,10.0
vggtest_1W9fwoe4O-M_117000_127000,1W9fwoe4O-M,117000,127000,117.0,127.0,10.0
vggtest_1WI9921OeRc_570000_580000,1WI9921OeRc,570000,580000,570.0,580.0,10.0
vggtest_1WLMVX_Y2Pk_18000_28000,1WLMVX_Y2Pk,18000,28000,18.0,28.0,10.0
vggtest_1WLMVX_Y2Pk_213000_223000,1WLMVX_Y2Pk,213000,223000,213.0,223.0,10.0
vggtest_1XO0SqsZhHU_30000_40000,1XO0SqsZhHU,30000,40000,30.0,40.0,10.0
vggtest_1XZyIaJT8Lw_106000_116000,1XZyIaJT8Lw,106000,116000,106.0,116.0,10.0
vggtest_1Xmw9VUzvLY_150000_160000,1Xmw9VUzvLY,150000,160000,150.0,160.0,10.0
vggtest_1YFa9CpH7Kc_180000_190000,1YFa9CpH7Kc,180000,190000,180.0,190.0,10.0
vggtest_1ZXe1qg_xeg_125000_135000,1ZXe1qg_xeg,125000,135000,125.0,135.0,10.0
vggtest_1ZgXgyEJSbc_390000_400000,1ZgXgyEJSbc,390000,400000,390.0,400.0,10.0
vggtest_1ZwVoNUvaAE_0_10000,1ZwVoNUvaAE,0,10000,0.0,10.0,10.0
vggtest_1_0T2ZIjWnw_31000_41000,1_0T2ZIjWnw,31000,41000,31.0,41.0,10.0
vggtest_1_JeO9Pg1aQ_20000_30000,1_JeO9Pg1aQ,20000,30000,20.0,30.0,10.0
vggtest_1_Yd3NwpP7M_210000_220000,1_Yd3NwpP7M,210000,220000,210.0,220.0,10.0
vggtest_1_v-Kro86Io_10000_20000,1_v-Kro86Io,10000,20000,10.0,20.0,10.0
vggtest_1_yyvTRVoZQ_2000_12000,1_yyvTRVoZQ,2000,12000,2.0,12.0,10.0
vggtest_1_yyvTRVoZQ_209000_219000,1_yyvTRVoZQ,209000,219000,209.0,219.0,10.0
vggtest_1a-ODBWMUAE_30000_40000,1a-ODBWMUAE,30000,40000,30.0,40.0,10.0
vggtest_1aDnyPubxdY_118000_128000,1aDnyPubxdY,118000,128000,118.0,128.0,10.0
vggtest_1aexyJH0jU8_2000_12000,1aexyJH0jU8,2000,12000,2.0,12.0,10.0
vggtest_1bIH_Qh_clk_30000_40000,1bIH_Qh_clk,30000,40000,30.0,40.0,10.0
vggtest_1bSLrOlRIB4_50000_60000,1bSLrOlRIB4,50000,60000,50.0,60.0,10.0
vggtest_1bbyaXEVouE_30000_40000,1bbyaXEVouE,30000,40000,30.0,40.0,10.0
vggtest_1cqcTbDxsHM_130000_140000,1cqcTbDxsHM,130000,140000,130.0,140.0,10.0
vggtest_1cwGW0cBdRs_30000_40000,1cwGW0cBdRs,30000,40000,30.0,40.0,10.0
vggtest_1cwReJkXLVo_505000_515000,1cwReJkXLVo,505000,515000,505.0,515.0,10.0
vggtest_1cxvg7qu0G0_70000_80000,1cxvg7qu0G0,70000,80000,70.0,80.0,10.0
vggtest_1dyFP4MGkIM_30000_40000,1dyFP4MGkIM,30000,40000,30.0,40.0,10.0
vggtest_1e0_4dwF9A4_30000_40000,1e0_4dwF9A4,30000,40000,30.0,40.0,10.0
vggtest_1eBzpkIY-TY_198000_208000,1eBzpkIY-TY,198000,208000,198.0,208.0,10.0
vggtest_1eP5LSjyge0_220000_230000,1eP5LSjyge0,220000,230000,220.0,230.0,10.0
vggtest_1f-s2gYqyh8_19000_29000,1f-s2gYqyh8,19000,29000,19.0,29.0,10.0
vggtest_1fDGejVDAHU_0_10000,1fDGejVDAHU,0,10000,0.0,10.0,10.0
vggtest_1g6sdWOc9k4_510000_520000,1g6sdWOc9k4,510000,520000,510.0,520.0,10.0
vggtest_1gSwLBNvEWE_34000_44000,1gSwLBNvEWE,34000,44000,34.0,44.0,10.0
vggtest_1gWu-9hPzFs_22000_32000,1gWu-9hPzFs,22000,32000,22.0,32.0,10.0
vggtest_1garMoYilAY_30000_40000,1garMoYilAY,30000,40000,30.0,40.0,10.0
vggtest_1hIg-Lsvc7Q_30000_40000,1hIg-Lsvc7Q,30000,40000,30.0,40.0,10.0
vggtest_1hJnxzlxnQs_30000_40000,1hJnxzlxnQs,30000,40000,30.0,40.0,10.0
vggtest_1hKSlZZ5T50_2000_12000,1hKSlZZ5T50,2000,12000,2.0,12.0,10.0
vggtest_1hWAOReJehw_140000_150000,1hWAOReJehw,140000,150000,140.0,150.0,10.0
vggtest_1hba9jmspEQ_30000_40000,1hba9jmspEQ,30000,40000,30.0,40.0,10.0
vggtest_1hknEtsmdOc_30000_40000,1hknEtsmdOc,30000,40000,30.0,40.0,10.0
vggtest_1hsOUPwn21E_83000_93000,1hsOUPwn21E,83000,93000,83.0,93.0,10.0
vggtest_1hwkxJOl1PY_20000_30000,1hwkxJOl1PY,20000,30000,20.0,30.0,10.0
vggtest_1j13NdQiw8c_30000_40000,1j13NdQiw8c,30000,40000,30.0,40.0,10.0
vggtest_1jHVyPknyhM_5000_15000,1jHVyPknyhM,5000,15000,5.0,15.0,10.0
vggtest_1jq7zSF_v7s_140000_150000,1jq7zSF_v7s,140000,150000,140.0,150.0,10.0
vggtest_1k0R3npPdKI_252000_262000,1k0R3npPdKI,252000,262000,252.0,262.0,10.0
vggtest_1kV-NUwWfSc_63000_73000,1kV-NUwWfSc,63000,73000,63.0,73.0,10.0
vggtest_1kiR-BU9Fik_71000_81000,1kiR-BU9Fik,71000,81000,71.0,81.0,10.0
vggtest_1lLobOtsIFA_30000_40000,1lLobOtsIFA,30000,40000,30.0,40.0,10.0
vggtest_1lMCacmGZ8I_52000_62000,1lMCacmGZ8I,52000,62000,52.0,62.0,10.0
vggtest_1mGE3y19p9g_129000_139000,1mGE3y19p9g,129000,139000,129.0,139.0,10.0
vggtest_1mMqLP36sCQ_245000_255000,1mMqLP36sCQ,245000,255000,245.0,255.0,10.0
vggtest_1mMqLP36sCQ_70000_80000,1mMqLP36sCQ,70000,80000,70.0,80.0,10.0
vggtest_1ma4b_TsEVA_320000_330000,1ma4b_TsEVA,320000,330000,320.0,330.0,10.0
vggtest_1mfghenMj_E_10000_20000,1mfghenMj_E,10000,20000,10.0,20.0,10.0
vggtest_1n5uFGk2pnc_58000_68000,1n5uFGk2pnc,58000,68000,58.0,68.0,10.0
vggtest_1n6JyJt4kJ4_18000_28000,1n6JyJt4kJ4,18000,28000,18.0,28.0,10.0
vggtest_1nNXaI04SEg_30000_40000,1nNXaI04SEg,30000,40000,30.0,40.0,10.0
vggtest_1n_s2Gb5R1Q_30000_40000,1n_s2Gb5R1Q,30000,40000,30.0,40.0,10.0
vggtest_1nbCJJtsruI_0_10000,1nbCJJtsruI,0,10000,0.0,10.0,10.0
vggtest_1oJAVJPX0YY_20000_30000,1oJAVJPX0YY,20000,30000,20.0,30.0,10.0
vggtest_1obzCbmFpa8_410000_420000,1obzCbmFpa8,410000,420000,410.0,420.0,10.0
vggtest_1owKdIYYYeg_0_10000,1owKdIYYYeg,0,10000,0.0,10.0,10.0
vggtest_1pMMz2vm6JE_109000_119000,1pMMz2vm6JE,109000,119000,109.0,119.0,10.0
vggtest_1pMMz2vm6JE_2000_12000,1pMMz2vm6JE,2000,12000,2.0,12.0,10.0
vggtest_1q8kkQhS97g_140000_150000,1q8kkQhS97g,140000,150000,140.0,150.0,10.0
vggtest_1qRi4bT_t3Q_398000_408000,1qRi4bT_t3Q,398000,408000,398.0,408.0,10.0
vggtest_1rJWW_KqeAw_30000_40000,1rJWW_KqeAw,30000,40000,30.0,40.0,10.0
vggtest_1roSKWxidVo_35000_45000,1roSKWxidVo,35000,45000,35.0,45.0,10.0
vggtest_1rtXsGC-q3Q_30000_40000,1rtXsGC-q3Q,30000,40000,30.0,40.0,10.0
vggtest_1tC7bTilFWk_30000_40000,1tC7bTilFWk,30000,40000,30.0,40.0,10.0
vggtest_1tjJmArxVBM_30000_40000,1tjJmArxVBM,30000,40000,30.0,40.0,10.0
vggtest_1tn0MJTOprg_3000_13000,1tn0MJTOprg,3000,13000,3.0,13.0,10.0
vggtest_1tobDIRRV0A_30000_40000,1tobDIRRV0A,30000,40000,30.0,40.0,10.0
vggtest_1tz4xNRRR4M_10000_20000,1tz4xNRRR4M,10000,20000,10.0,20.0,10.0
vggtest_1uCzQCdCC1U_170000_180000,1uCzQCdCC1U,170000,180000,170.0,180.0,10.0
vggtest_1uIfP9ipzxY_58000_68000,1uIfP9ipzxY,58000,68000,58.0,68.0,10.0
vggtest_1uLkSMHxvZY_440000_450000,1uLkSMHxvZY,440000,450000,440.0,450.0,10.0
vggtest_1uhuVsFGe6E_50000_60000,1uhuVsFGe6E,50000,60000,50.0,60.0,10.0
vggtest_1veIcvGPRYw_3000_13000,1veIcvGPRYw,3000,13000,3.0,13.0,10.0
vggtest_1vy-ZxTMQf4_377000_387000,1vy-ZxTMQf4,377000,387000,377.0,387.0,10.0
vggtest_1w_iLXQb-9Q_7000_17000,1w_iLXQb-9Q,7000,17000,7.0,17.0,10.0
vggtest_1wdCX1HmRyk_140000_150000,1wdCX1HmRyk,140000,150000,140.0,150.0,10.0
vggtest_1wqJ9KDfcME_60000_70000,1wqJ9KDfcME,60000,70000,60.0,70.0,10.0
vggtest_1xS-iGBR2b8_14000_24000,1xS-iGBR2b8,14000,24000,14.0,24.0,10.0
vggtest_1xZESfMpi9Q_156000_166000,1xZESfMpi9Q,156000,166000,156.0,166.0,10.0
vggtest_1xhSBniwGbM_30000_40000,1xhSBniwGbM,30000,40000,30.0,40.0,10.0
vggtest_1y-PYHnpvZs_38000_48000,1y-PYHnpvZs,38000,48000,38.0,48.0,10.0
vggtest_1yWGmdevTuM_30000_40000,1yWGmdevTuM,30000,40000,30.0,40.0,10.0
vggtest_1yfwHkdCucc_42000_52000,1yfwHkdCucc,42000,52000,42.0,52.0,10.0
vggtest_1yxij2nsbZw_0_10000,1yxij2nsbZw,0,10000,0.0,10.0,10.0
vggtest_1z19uJK6SB0_76000_86000,1z19uJK6SB0,76000,86000,76.0,86.0,10.0
vggtest_1z96Z0DSNlM_4000_14000,1z96Z0DSNlM,4000,14000,4.0,14.0,10.0
vggtest_2-XyCIq8Yp0_50000_60000,2-XyCIq8Yp0,50000,60000,50.0,60.0,10.0
vggtest_23xC7lTBikU_20000_30000,23xC7lTBikU,20000,30000,20.0,30.0,10.0
vggtest_24tWz7gmngI_30000_40000,24tWz7gmngI,30000,40000,30.0,40.0,10.0
vggtest_26dqZUTv5os_175000_185000,26dqZUTv5os,175000,185000,175.0,185.0,10.0
vggtest_28Ih0rDx-Y4_310000_320000,28Ih0rDx-Y4,310000,320000,310.0,320.0,10.0
vggtest_2A63oYgod8Y_560000_570000,2A63oYgod8Y,560000,570000,560.0,570.0,10.0
vggtest_2ACsPTob5cY_118000_128000,2ACsPTob5cY,118000,128000,118.0,128.0,10.0
vggtest_2ACsPTob5cY_349000_359000,2ACsPTob5cY,349000,359000,349.0,359.0,10.0
vggtest_2ASyuuVhr6M_52000_62000,2ASyuuVhr6M,52000,62000,52.0,62.0,10.0
vggtest_2BMOGrFU_m8_167000_177000,2BMOGrFU_m8,167000,177000,167.0,177.0,10.0
vggtest_2BNSDDwGxM8_30000_40000,2BNSDDwGxM8,30000,40000,30.0,40.0,10.0
vggtest_2BbBEozEiak_133000_143000,2BbBEozEiak,133000,143000,133.0,143.0,10.0
vggtest_2BbBEozEiak_186000_196000,2BbBEozEiak,186000,196000,186.0,196.0,10.0
vggtest_2Bljhdt61Y4_38000_48000,2Bljhdt61Y4,38000,48000,38.0,48.0,10.0
vggtest_2C4aXzGI2eI_415000_425000,2C4aXzGI2eI,415000,425000,415.0,425.0,10.0
vggtest_2C7SzKv2uLU_41000_51000,2C7SzKv2uLU,41000,51000,41.0,51.0,10.0
vggtest_2CEb1hYM3EA_240000_250000,2CEb1hYM3EA,240000,250000,240.0,250.0,10.0
vggtest_2CIWnYMxFCw_29000_39000,2CIWnYMxFCw,29000,39000,29.0,39.0,10.0
vggtest_2CidaVnd60g_0_10000,2CidaVnd60g,0,10000,0.0,10.0,10.0
vggtest_2D0okq6-SBo_189000_199000,2D0okq6-SBo,189000,199000,189.0,199.0,10.0
vggtest_2DyD824KPFM_10000_20000,2DyD824KPFM,10000,20000,10.0,20.0,10.0
vggtest_2E31rvMg-rE_542000_552000,2E31rvMg-rE,542000,552000,542.0,552.0,10.0
vggtest_2EaYSObne7M_369000_379000,2EaYSObne7M,369000,379000,369.0,379.0,10.0
vggtest_2FJWwHQcXBk_480000_490000,2FJWwHQcXBk,480000,490000,480.0,490.0,10.0
vggtest_2Fbt9QiLWWc_370000_380000,2Fbt9QiLWWc,370000,380000,370.0,380.0,10.0
vggtest_2FrXzcm4YMc_70000_80000,2FrXzcm4YMc,70000,80000,70.0,80.0,10.0
vggtest_2FtVHJ91gDc_45000_55000,2FtVHJ91gDc,45000,55000,45.0,55.0,10.0
vggtest_2FxRgLF37kw_215000_225000,2FxRgLF37kw,215000,225000,215.0,225.0,10.0
vggtest_2GGNgvdRcAs_60000_70000,2GGNgvdRcAs,60000,70000,60.0,70.0,10.0
vggtest_2GOPuGmcHH0_20000_30000,2GOPuGmcHH0,20000,30000,20.0,30.0,10.0
vggtest_2GuH1UJxQOk_19000_29000,2GuH1UJxQOk,19000,29000,19.0,29.0,10.0
vggtest_2HZcxlRs-hg_30000_40000,2HZcxlRs-hg,30000,40000,30.0,40.0,10.0
vggtest_2Hj6ogt1TJo_80000_90000,2Hj6ogt1TJo,80000,90000,80.0,90.0,10.0
vggtest_2I0ns0crmrA_6000_16000,2I0ns0crmrA,6000,16000,6.0,16.0,10.0
vggtest_2IEoe3YvCJo_20000_30000,2IEoe3YvCJo,20000,30000,20.0,30.0,10.0
vggtest_2Ic1zm9mBjk_30000_40000,2Ic1zm9mBjk,30000,40000,30.0,40.0,10.0
vggtest_2LRhkMH48_Q_30000_40000,2LRhkMH48_Q,30000,40000,30.0,40.0,10.0
vggtest_2MKPKDQcgVc_36000_46000,2MKPKDQcgVc,36000,46000,36.0,46.0,10.0
vggtest_2Oe5kao1ycY_310000_320000,2Oe5kao1ycY,310000,320000,310.0,320.0,10.0
vggtest_2P1uwGQfaPA_4000_14000,2P1uwGQfaPA,4000,14000,4.0,14.0,10.0
vggtest_2PHV2xNjGVU_126000_136000,2PHV2xNjGVU,126000,136000,126.0,136.0,10.0
vggtest_2QuZzkvq_YQ_0_10000,2QuZzkvq_YQ,0,10000,0.0,10.0,10.0
vggtest_2VuKP6zZDDc_510000_520000,2VuKP6zZDDc,510000,520000,510.0,520.0,10.0
vggtest_2Wk4Y3_dMuc_440000_450000,2Wk4Y3_dMuc,440000,450000,440.0,450.0,10.0
vggtest_2XK3vXa-wgw_30000_40000,2XK3vXa-wgw,30000,40000,30.0,40.0,10.0
vggtest_2ZogsGp-T4o_40000_50000,2ZogsGp-T4o,40000,50000,40.0,50.0,10.0
vggtest_2_RltCGlGOA_10000_20000,2_RltCGlGOA,10000,20000,10.0,20.0,10.0
vggtest_2__T6Q8rCCA_80000_90000,2__T6Q8rCCA,80000,90000,80.0,90.0,10.0
vggtest_2_cTS4ctWtE_310000_320000,2_cTS4ctWtE,310000,320000,310.0,320.0,10.0
vggtest_2bCuw7U_Rac_390000_400000,2bCuw7U_Rac,390000,400000,390.0,400.0,10.0
vggtest_2bYyywE97aA_30000_40000,2bYyywE97aA,30000,40000,30.0,40.0,10.0
vggtest_2cEM6Hu90v0_38000_48000,2cEM6Hu90v0,38000,48000,38.0,48.0,10.0
vggtest_2drXOn18U3Q_136000_146000,2drXOn18U3Q,136000,146000,136.0,146.0,10.0
vggtest_2eDP3jKoUd4_30000_40000,2eDP3jKoUd4,30000,40000,30.0,40.0,10.0
vggtest_2eWobSpugTw_17000_27000,2eWobSpugTw,17000,27000,17.0,27.0,10.0
vggtest_2ehbByOUJjM_16000_26000,2ehbByOUJjM,16000,26000,16.0,26.0,10.0
vggtest_2es7oZzwLWM_30000_40000,2es7oZzwLWM,30000,40000,30.0,40.0,10.0
vggtest_2fi0m8ei_B4_30000_40000,2fi0m8ei_B4,30000,40000,30.0,40.0,10.0
vggtest_2g5hx_rynAI_35000_45000,2g5hx_rynAI,35000,45000,35.0,45.0,10.0
vggtest_2gvw16YDwMA_153000_163000,2gvw16YDwMA,153000,163000,153.0,163.0,10.0
vggtest_2gvw16YDwMA_43000_53000,2gvw16YDwMA,43000,53000,43.0,53.0,10.0
vggtest_2hNEs5VCQR8_106000_116000,2hNEs5VCQR8,106000,116000,106.0,116.0,10.0
vggtest_2i1Gs32odx4_410000_420000,2i1Gs32odx4,410000,420000,410.0,420.0,10.0
vggtest_2i4UNf8tjvU_30000_40000,2i4UNf8tjvU,30000,40000,30.0,40.0,10.0
vggtest_2iAO9PKZDGk_0_10000,2iAO9PKZDGk,0,10000,0.0,10.0,10.0
vggtest_2k6_k7K_ixg_30000_40000,2k6_k7K_ixg,30000,40000,30.0,40.0,10.0
vggtest_2kQCMxf0onU_36000_46000,2kQCMxf0onU,36000,46000,36.0,46.0,10.0
vggtest_2laUv3y7OfA_30000_40000,2laUv3y7OfA,30000,40000,30.0,40.0,10.0
vggtest_2o4-lEtFb2k_60000_70000,2o4-lEtFb2k,60000,70000,60.0,70.0,10.0
vggtest_2ofK2gAQue4_180000_190000,2ofK2gAQue4,180000,190000,180.0,190.0,10.0
vggtest_2pV6t7CO0Bc_230000_240000,2pV6t7CO0Bc,230000,240000,230.0,240.0,10.0
vggtest_2qO-OQtOBK0_30000_40000,2qO-OQtOBK0,30000,40000,30.0,40.0,10.0
vggtest_2rK6HBRC8HQ_40000_50000,2rK6HBRC8HQ,40000,50000,40.0,50.0,10.0
vggtest_2xQuWif8axE_30000_40000,2xQuWif8axE,30000,40000,30.0,40.0,10.0
vggtest_2yumaMbGybU_10000_20000,2yumaMbGybU,10000,20000,10.0,20.0,10.0
vggtest_2zSnJX82Uzc_60000_70000,2zSnJX82Uzc,60000,70000,60.0,70.0,10.0
vggtest_2zec0wuZgLE_500000_510000,2zec0wuZgLE,500000,510000,500.0,510.0,10.0
vggtest_31GOxPXDNkk_68000_78000,31GOxPXDNkk,68000,78000,68.0,78.0,10.0
vggtest_31O2j4aAgYU_30000_40000,31O2j4aAgYU,30000,40000,30.0,40.0,10.0
vggtest_34f6a05F1rk_76000_86000,34f6a05F1rk,76000,86000,76.0,86.0,10.0
vggtest_36ToDxW_hns_90000_100000,36ToDxW_hns,90000,100000,90.0,100.0,10.0
vggtest_3AzacBprTzU_60000_70000,3AzacBprTzU,60000,70000,60.0,70.0,10.0
vggtest_3FHOJZpzHIU_80000_90000,3FHOJZpzHIU,80000,90000,80.0,90.0,10.0
vggtest_3FNTvu5iROw_76000_86000,3FNTvu5iROw,76000,86000,76.0,86.0,10.0
vggtest_3O7CzEL0pXA_421000_431000,3O7CzEL0pXA,421000,431000,421.0,431.0,10.0
vggtest_3R0dqfaiV3M_0_10000,3R0dqfaiV3M,0,10000,0.0,10.0,10.0
vggtest_3U99MpJ22ck_50000_60000,3U99MpJ22ck,50000,60000,50.0,60.0,10.0
vggtest_3_A0AP3Xh9s_290000_300000,3_A0AP3Xh9s,290000,300000,290.0,300.0,10.0
vggtest_3iXaH6Dmacs_155000_165000,3iXaH6Dmacs,155000,165000,155.0,165.0,10.0
vggtest_3kaCL9Zu7NY_230000_240000,3kaCL9Zu7NY,230000,240000,230.0,240.0,10.0
vggtest_3t6pqBKV0kY_30000_40000,3t6pqBKV0kY,30000,40000,30.0,40.0,10.0
vggtest_3tbFP_JKzXw_30000_40000,3tbFP_JKzXw,30000,40000,30.0,40.0,10.0
vggtest_3vLc6D64xcs_330000_340000,3vLc6D64xcs,330000,340000,330.0,340.0,10.0
vggtest_3zIQTDfS4Hk_30000_40000,3zIQTDfS4Hk,30000,40000,30.0,40.0,10.0
vggtest_3zRatdumh0M_90000_100000,3zRatdumh0M,90000,100000,90.0,100.0,10.0
vggtest_421CRF4HFlA_140000_150000,421CRF4HFlA,140000,150000,140.0,150.0,10.0
vggtest_42CPymJ_MXI_60000_70000,42CPymJ_MXI,60000,70000,60.0,70.0,10.0
vggtest_42QgE4mM55I_30000_40000,42QgE4mM55I,30000,40000,30.0,40.0,10.0
vggtest_4ByUnyBjmSs_80000_90000,4ByUnyBjmSs,80000,90000,80.0,90.0,10.0
vggtest_4MRzQbAIyV4_90000_100000,4MRzQbAIyV4,90000,100000,90.0,100.0,10.0
vggtest_4MTFkHIgWwg_71000_81000,4MTFkHIgWwg,71000,81000,71.0,81.0,10.0
vggtest_4Q1DDOpej1o_0_10000,4Q1DDOpej1o,0,10000,0.0,10.0,10.0
vggtest_4QmXsg-lZQw_165000_175000,4QmXsg-lZQw,165000,175000,165.0,175.0,10.0
vggtest_4TshFWSsrn8_290000_300000,4TshFWSsrn8,290000,300000,290.0,300.0,10.0
vggtest_4gFbCdHle0w_30000_40000,4gFbCdHle0w,30000,40000,30.0,40.0,10.0
vggtest_4h550TCCd9w_153000_163000,4h550TCCd9w,153000,163000,153.0,163.0,10.0
vggtest_4qLAn6_xfCY_430000_440000,4qLAn6_xfCY,430000,440000,430.0,440.0,10.0
vggtest_4qaiLMEce6Y_25000_35000,4qaiLMEce6Y,25000,35000,25.0,35.0,10.0
vggtest_4tOFGK47I5E_5000_15000,4tOFGK47I5E,5000,15000,5.0,15.0,10.0
vggtest_51NV5b5e5As_50000_60000,51NV5b5e5As,50000,60000,50.0,60.0,10.0
vggtest_51hZovioExg_17000_27000,51hZovioExg,17000,27000,17.0,27.0,10.0
vggtest_570I4k7PIAQ_23000_33000,570I4k7PIAQ,23000,33000,23.0,33.0,10.0
vggtest_573QotnRHDY_30000_40000,573QotnRHDY,30000,40000,30.0,40.0,10.0
vggtest_5A0sMC5olxI_380000_390000,5A0sMC5olxI,380000,390000,380.0,390.0,10.0
vggtest_5B7d8e42ODw_30000_40000,5B7d8e42ODw,30000,40000,30.0,40.0,10.0
vggtest_5HQ0rDexH84_184000_194000,5HQ0rDexH84,184000,194000,184.0,194.0,10.0
vggtest_5JHMkSN2rdc_89000_99000,5JHMkSN2rdc,89000,99000,89.0,99.0,10.0
vggtest_5MMIZJ0zCZk_30000_40000,5MMIZJ0zCZk,30000,40000,30.0,40.0,10.0
vggtest_5bU5bCN2y54_46000_56000,5bU5bCN2y54,46000,56000,46.0,56.0,10.0
vggtest_5j-4OJ7XpDM_222000_232000,5j-4OJ7XpDM,222000,232000,222.0,232.0,10.0
vggtest_5uanE7YxW0E_0_10000,5uanE7YxW0E,0,10000,0.0,10.0,10.0
vggtest_5wC1sG4US3Y_205000_215000,5wC1sG4US3Y,205000,215000,205.0,215.0,10.0
vggtest_5xVe-bGbbYA_45000_55000,5xVe-bGbbYA,45000,55000,45.0,55.0,10.0
vggtest_6-yQsEH2WYA_30000_40000,6-yQsEH2WYA,30000,40000,30.0,40.0,10.0
vggtest_61krHyjf-ac_176000_186000,61krHyjf-ac,176000,186000,176.0,186.0,10.0
vggtest_680o8EChP_o_105000_115000,680o8EChP_o,105000,115000,105.0,115.0,10.0
vggtest_68hapDEQEj0_480000_490000,68hapDEQEj0,480000,490000,480.0,490.0,10.0
vggtest_6BXR7JlTiBQ_9000_19000,6BXR7JlTiBQ,9000,19000,9.0,19.0,10.0
vggtest_6EIgJvYx4AE_551000_561000,6EIgJvYx4AE,551000,561000,551.0,561.0,10.0
vggtest_6GDtb6DWKdE_103000_113000,6GDtb6DWKdE,103000,113000,103.0,113.0,10.0
vggtest_6UY-HKyolKk_30000_40000,6UY-HKyolKk,30000,40000,30.0,40.0,10.0
vggtest_6WPEPztf3Qw_410000_420000,6WPEPztf3Qw,410000,420000,410.0,420.0,10.0
vggtest_6Y8bKS6KLeE_30000_40000,6Y8bKS6KLeE,30000,40000,30.0,40.0,10.0
vggtest_6Yk15FbL2yw_81000_91000,6Yk15FbL2yw,81000,91000,81.0,91.0,10.0
vggtest_6fQqyrMAuFI_500000_510000,6fQqyrMAuFI,500000,510000,500.0,510.0,10.0
vggtest_6hpNFfjpFHU_142000_152000,6hpNFfjpFHU,142000,152000,142.0,152.0,10.0
vggtest_6jAZGb8k6tE_90000_100000,6jAZGb8k6tE,90000,100000,90.0,100.0,10.0
vggtest_6jdeSAmkzEU_30000_40000,6jdeSAmkzEU,30000,40000,30.0,40.0,10.0
vggtest_6om-fZvxe70_30000_40000,6om-fZvxe70,30000,40000,30.0,40.0,10.0
vggtest_6q3OUady18I_667000_677000,6q3OUady18I,667000,677000,667.0,677.0,10.0
vggtest_6qX8ykNoVls_22000_32000,6qX8ykNoVls,22000,32000,22.0,32.0,10.0
vggtest_6tlsgZfA9zs_20000_30000,6tlsgZfA9zs,20000,30000,20.0,30.0,10.0
vggtest_6yaFDZk7-jo_8000_18000,6yaFDZk7-jo,8000,18000,8.0,18.0,10.0
vggtest_7-V8cMwkXTk_30000_40000,7-V8cMwkXTk,30000,40000,30.0,40.0,10.0
vggtest_7-htobm4qu0_30000_40000,7-htobm4qu0,30000,40000,30.0,40.0,10.0
vggtest_73cuZZq-J3w_20000_30000,73cuZZq-J3w,20000,30000,20.0,30.0,10.0
vggtest_74Eeq1qer94_30000_40000,74Eeq1qer94,30000,40000,30.0,40.0,10.0
vggtest_7761uBKNpd8_30000_40000,7761uBKNpd8,30000,40000,30.0,40.0,10.0
vggtest_79undeYvXOE_200000_210000,79undeYvXOE,200000,210000,200.0,210.0,10.0
vggtest_7CTzN_wSb6g_30000_40000,7CTzN_wSb6g,30000,40000,30.0,40.0,10.0
vggtest_7I2yJgXKncw_21000_31000,7I2yJgXKncw,21000,31000,21.0,31.0,10.0
vggtest_7K_jwQwta7I_30000_40000,7K_jwQwta7I,30000,40000,30.0,40.0,10.0
vggtest_7O2qPT8vgfI_15000_25000,7O2qPT8vgfI,15000,25000,15.0,25.0,10.0
vggtest_7OhXiEHalAk_63000_73000,7OhXiEHalAk,63000,73000,63.0,73.0,10.0
vggtest_7P7sCHtDLU8_30000_40000,7P7sCHtDLU8,30000,40000,30.0,40.0,10.0
vggtest_7PEL4NrU1Jk_23000_33000,7PEL4NrU1Jk,23000,33000,23.0,33.0,10.0
vggtest_7nQxWCn_dBg_160000_170000,7nQxWCn_dBg,160000,170000,160.0,170.0,10.0
vggtest_7rzEesL55fM_340000_350000,7rzEesL55fM,340000,350000,340.0,350.0,10.0
vggtest_7ulXnnIlUOA_109000_119000,7ulXnnIlUOA,109000,119000,109.0,119.0,10.0
vggtest_7y9hIjH_7do_90000_100000,7y9hIjH_7do,90000,100000,90.0,100.0,10.0
vggtest_7yjEC7Cr6i8_30000_40000,7yjEC7Cr6i8,30000,40000,30.0,40.0,10.0
vggtest_84JbG7gFceA_7000_17000,84JbG7gFceA,7000,17000,7.0,17.0,10.0
vggtest_89PzuqeWWYQ_24000_34000,89PzuqeWWYQ,24000,34000,24.0,34.0,10.0
vggtest_8A1G_Sg6bx4_170000_180000,8A1G_Sg6bx4,170000,180000,170.0,180.0,10.0
vggtest_8B3FjLzkdPA_20000_30000,8B3FjLzkdPA,20000,30000,20.0,30.0,10.0
vggtest_8HJcD-xKYo4_80000_90000,8HJcD-xKYo4,80000,90000,80.0,90.0,10.0
vggtest_8M8mpBuhbOY_79000_89000,8M8mpBuhbOY,79000,89000,79.0,89.0,10.0
vggtest_8MKemM0h5mE_30000_40000,8MKemM0h5mE,30000,40000,30.0,40.0,10.0
vggtest_8QfmtF0FGA4_114000_124000,8QfmtF0FGA4,114000,124000,114.0,124.0,10.0
vggtest_8YSDo1wTo3M_28000_38000,8YSDo1wTo3M,28000,38000,28.0,38.0,10.0
vggtest_8bmdnc-htzQ_106000_116000,8bmdnc-htzQ,106000,116000,106.0,116.0,10.0
vggtest_8jDanS4ZzRc_240000_250000,8jDanS4ZzRc,240000,250000,240.0,250.0,10.0
vggtest_8jN7n8lhkiI_278000_288000,8jN7n8lhkiI,278000,288000,278.0,288.0,10.0
vggtest_8m1ketVhQCM_78000_88000,8m1ketVhQCM,78000,88000,78.0,88.0,10.0
vggtest_8ooVSXeHb94_30000_40000,8ooVSXeHb94,30000,40000,30.0,40.0,10.0
vggtest_8rICricPhh8_30000_40000,8rICricPhh8,30000,40000,30.0,40.0,10.0
vggtest_8w-V_hYvxXs_160000_170000,8w-V_hYvxXs,160000,170000,160.0,170.0,10.0
vggtest_91k-dD34c94_560000_570000,91k-dD34c94,560000,570000,560.0,570.0,10.0
vggtest_91vBzCaNTQ0_79000_89000,91vBzCaNTQ0,79000,89000,79.0,89.0,10.0
vggtest_93vN8AS4jHY_67000_77000,93vN8AS4jHY,67000,77000,67.0,77.0,10.0
vggtest_97IV2XK2l3U_0_10000,97IV2XK2l3U,0,10000,0.0,10.0,10.0
vggtest_97aoiaWwRVk_20000_30000,97aoiaWwRVk,20000,30000,20.0,30.0,10.0
vggtest_985zNO7Wo1w_182000_192000,985zNO7Wo1w,182000,192000,182.0,192.0,10.0
vggtest_9BGpWG8iqpQ_0_10000,9BGpWG8iqpQ,0,10000,0.0,10.0,10.0
vggtest_9SVbr69L7wM_60000_70000,9SVbr69L7wM,60000,70000,60.0,70.0,10.0
vggtest_9ZWmZdgrE78_80000_90000,9ZWmZdgrE78,80000,90000,80.0,90.0,10.0
vggtest_9c9dRz8t4bI_152000_162000,9c9dRz8t4bI,152000,162000,152.0,162.0,10.0
vggtest_9kIBkY7Tj5g_0_10000,9kIBkY7Tj5g,0,10000,0.0,10.0,10.0
vggtest_9pfZ4sXXsE4_330000_340000,9pfZ4sXXsE4,330000,340000,330.0,340.0,10.0
vggtest_9rXAmXuAOw8_0_10000,9rXAmXuAOw8,0,10000,0.0,10.0,10.0
vggtest_9tLzTdRhTrI_180000_190000,9tLzTdRhTrI,180000,190000,180.0,190.0,10.0
vggtest_9wkgTdE7nz8_30000_40000,9wkgTdE7nz8,30000,40000,30.0,40.0,10.0
vggtest_A0dHhG6Y8C0_30000_40000,A0dHhG6Y8C0,30000,40000,30.0,40.0,10.0
vggtest_A24InXJHgOk_28000_38000,A24InXJHgOk,28000,38000,28.0,38.0,10.0
vggtest_A2D_eaALRug_19000_29000,A2D_eaALRug,19000,29000,19.0,29.0,10.0
vggtest_A458iJLZGvg_80000_90000,A458iJLZGvg,80000,90000,80.0,90.0,10.0
vggtest_AEwkS57P4eE_30000_40000,AEwkS57P4eE,30000,40000,30.0,40.0,10.0
vggtest_AJ2_gn8V2fo_30000_40000,AJ2_gn8V2fo,30000,40000,30.0,40.0,10.0
vggtest_AKxm4V3OylU_30000_40000,AKxm4V3OylU,30000,40000,30.0,40.0,10.0
vggtest_AL7eCaqpzLk_569000_579000,AL7eCaqpzLk,569000,579000,569.0,579.0,10.0
vggtest_ALtDtYnWFuo_30000_40000,ALtDtYnWFuo,30000,40000,30.0,40.0,10.0
vggtest_ANWU9Hiy_5k_40000_50000,ANWU9Hiy_5k,40000,50000,40.0,50.0,10.0
vggtest_AScmP_vDPhs_1000_11000,AScmP_vDPhs,1000,11000,1.0,11.0,10.0
vggtest_AUXS8zwFV0k_30000_40000,AUXS8zwFV0k,30000,40000,30.0,40.0,10.0
vggtest_AYf9HocxFdk_54000_64000,AYf9HocxFdk,54000,64000,54.0,64.0,10.0
vggtest_AYvYTvCG0Cw_4000_14000,AYvYTvCG0Cw,4000,14000,4.0,14.0,10.0
vggtest_AZfD5KrH5d8_30000_40000,AZfD5KrH5d8,30000,40000,30.0,40.0,10.0
vggtest_AjLuenrAsbE_30000_40000,AjLuenrAsbE,30000,40000,30.0,40.0,10.0
vggtest_AkAdDFHQars_30000_40000,AkAdDFHQars,30000,40000,30.0,40.0,10.0
vggtest_Aky0DF507fw_170000_180000,Aky0DF507fw,170000,180000,170.0,180.0,10.0
vggtest_Ap_IlJVRHtw_230000_240000,Ap_IlJVRHtw,230000,240000,230.0,240.0,10.0
vggtest_ApgCxwAImCE_30000_40000,ApgCxwAImCE,30000,40000,30.0,40.0,10.0
vggtest_Av2DNdWzziA_35000_45000,Av2DNdWzziA,35000,45000,35.0,45.0,10.0
vggtest_AwAFAi8sa-0_450000_460000,AwAFAi8sa-0,450000,460000,450.0,460.0,10.0
vggtest_AwZrv_S86R4_30000_40000,AwZrv_S86R4,30000,40000,30.0,40.0,10.0
vggtest_Ax1rIOmzMWY_0_10000,Ax1rIOmzMWY,0,10000,0.0,10.0,10.0
vggtest_Ay7bs8DMMyA_5000_15000,Ay7bs8DMMyA,5000,15000,5.0,15.0,10.0
vggtest_AzY_KZTSXJk_30000_40000,AzY_KZTSXJk,30000,40000,30.0,40.0,10.0
vggtest_AzhAMscTxyc_30000_40000,AzhAMscTxyc,30000,40000,30.0,40.0,10.0
vggtest_B0Rje7Cj7W0_250000_260000,B0Rje7Cj7W0,250000,260000,250.0,260.0,10.0
vggtest_B33GgQddG30_28000_38000,B33GgQddG30,28000,38000,28.0,38.0,10.0
vggtest_B6zw6kvaM_c_30000_40000,B6zw6kvaM_c,30000,40000,30.0,40.0,10.0
vggtest_BB3CCG8SD54_0_10000,BB3CCG8SD54,0,10000,0.0,10.0,10.0
vggtest_BBRDRggGsdk_147000_157000,BBRDRggGsdk,147000,157000,147.0,157.0,10.0
vggtest_BMAruFZo5NM_88000_98000,BMAruFZo5NM,88000,98000,88.0,98.0,10.0
vggtest_BNxowL6utbQ_30000_40000,BNxowL6utbQ,30000,40000,30.0,40.0,10.0
vggtest_BPeLfS4NPEI_60000_70000,BPeLfS4NPEI,60000,70000,60.0,70.0,10.0
vggtest_BQpa8whzwAE_30000_40000,BQpa8whzwAE,30000,40000,30.0,40.0,10.0
vggtest_BZRZcFA9Dr4_260000_270000,BZRZcFA9Dr4,260000,270000,260.0,270.0,10.0
vggtest_BbWdsbZ9TsM_130000_140000,BbWdsbZ9TsM,130000,140000,130.0,140.0,10.0
vggtest_Bd-1gr7807g_16000_26000,Bd-1gr7807g,16000,26000,16.0,26.0,10.0
vggtest_Bf2m1sXaXk4_10000_20000,Bf2m1sXaXk4,10000,20000,10.0,20.0,10.0
vggtest_Bf3aAtNK8Sk_30000_40000,Bf3aAtNK8Sk,30000,40000,30.0,40.0,10.0
vggtest_BfQ3-G4gjlM_30000_40000,BfQ3-G4gjlM,30000,40000,30.0,40.0,10.0
vggtest_BjR_ixR8TUw_30000_40000,BjR_ixR8TUw,30000,40000,30.0,40.0,10.0
vggtest_Bq10zG74Wc0_40000_50000,Bq10zG74Wc0,40000,50000,40.0,50.0,10.0
vggtest_Bqy0tD6mCPs_270000_280000,Bqy0tD6mCPs,270000,280000,270.0,280.0,10.0
vggtest_Bw_fNvTp6jg_30000_40000,Bw_fNvTp6jg,30000,40000,30.0,40.0,10.0
vggtest_BzMo0qCklGg_150000_160000,BzMo0qCklGg,150000,160000,150.0,160.0,10.0
vggtest_C00BpiE52mM_270000_280000,C00BpiE52mM,270000,280000,270.0,280.0,10.0
vggtest_C0CvQi7d4sU_328000_338000,C0CvQi7d4sU,328000,338000,328.0,338.0,10.0
vggtest_C0sSgrr5xrQ_30000_40000,C0sSgrr5xrQ,30000,40000,30.0,40.0,10.0
vggtest_C2BFL4F6zOM_62000_72000,C2BFL4F6zOM,62000,72000,62.0,72.0,10.0
vggtest_C33WdI64FiY_30000_40000,C33WdI64FiY,30000,40000,30.0,40.0,10.0
vggtest_C46X66FU_Dw_30000_40000,C46X66FU_Dw,30000,40000,30.0,40.0,10.0
vggtest_C5BteXnPQNk_30000_40000,C5BteXnPQNk,30000,40000,30.0,40.0,10.0
vggtest_C8q-VueE_ok_330000_340000,C8q-VueE_ok,330000,340000,330.0,340.0,10.0
vggtest_C9f_yqkzqac_510000_520000,C9f_yqkzqac,510000,520000,510.0,520.0,10.0
vggtest_CEzyxkUbG9A_30000_40000,CEzyxkUbG9A,30000,40000,30.0,40.0,10.0
vggtest_CIN_pzwxrCE_69000_79000,CIN_pzwxrCE,69000,79000,69.0,79.0,10.0
vggtest_CNteFuxbbZs_30000_40000,CNteFuxbbZs,30000,40000,30.0,40.0,10.0
vggtest_CScQCxNACyc_130000_140000,CScQCxNACyc,130000,140000,130.0,140.0,10.0
vggtest_CSn5FP1c1AQ_17000_27000,CSn5FP1c1AQ,17000,27000,17.0,27.0,10.0
vggtest_CUMunjwsO2U_20000_30000,CUMunjwsO2U,20000,30000,20.0,30.0,10.0
vggtest_CWY1Y5hjfpo_30000_40000,CWY1Y5hjfpo,30000,40000,30.0,40.0,10.0
vggtest_CX-gGuT3iEs_230000_240000,CX-gGuT3iEs,230000,240000,230.0,240.0,10.0
vggtest_CYZTjXQMiV8_570000_580000,CYZTjXQMiV8,570000,580000,570.0,580.0,10.0
vggtest_Co7vOJiMeO0_64000_74000,Co7vOJiMeO0,64000,74000,64.0,74.0,10.0
vggtest_CsBwBct0_5U_30000_40000,CsBwBct0_5U,30000,40000,30.0,40.0,10.0
vggtest_D1NDNFZGY7k_40000_50000,D1NDNFZGY7k,40000,50000,40.0,50.0,10.0
vggtest_D1VQAb8CfWM_22000_32000,D1VQAb8CfWM,22000,32000,22.0,32.0,10.0
vggtest_D1VQAb8CfWM_8000_18000,D1VQAb8CfWM,8000,18000,8.0,18.0,10.0
vggtest_D2ISzNuhtxE_9000_19000,D2ISzNuhtxE,9000,19000,9.0,19.0,10.0
vggtest_D6shA0yJ8W4_72000_82000,D6shA0yJ8W4,72000,82000,72.0,82.0,10.0
vggtest_D9yNCDer4YM_94000_104000,D9yNCDer4YM,94000,104000,94.0,104.0,10.0
vggtest_DIooS7FSHYk_30000_40000,DIooS7FSHYk,30000,40000,30.0,40.0,10.0
vggtest_DQ1-Jj3kEP0_61000_71000,DQ1-Jj3kEP0,61000,71000,61.0,71.0,10.0
vggtest_DShnW2mZR-0_2000_12000,DShnW2mZR-0,2000,12000,2.0,12.0,10.0
vggtest_DV_lxAociYs_180000_190000,DV_lxAociYs,180000,190000,180.0,190.0,10.0
vggtest_DYVwPj_voRw_30000_40000,DYVwPj_voRw,30000,40000,30.0,40.0,10.0
vggtest_DYdalOQnx1Y_30000_40000,DYdalOQnx1Y,30000,40000,30.0,40.0,10.0
vggtest_Db0c4aAwUbY_30000_40000,Db0c4aAwUbY,30000,40000,30.0,40.0,10.0
vggtest_Db3VBTvUp_k_30000_40000,Db3VBTvUp_k,30000,40000,30.0,40.0,10.0
vggtest_DkhdvvtvwTE_20000_30000,DkhdvvtvwTE,20000,30000,20.0,30.0,10.0
vggtest_Drxkm1HyVxI_21000_31000,Drxkm1HyVxI,21000,31000,21.0,31.0,10.0
vggtest_DvuXNSkGMes_7000_17000,DvuXNSkGMes,7000,17000,7.0,17.0,10.0
vggtest_DxqGhpqu2z4_116000_126000,DxqGhpqu2z4,116000,126000,116.0,126.0,10.0
vggtest_E-nunSOWtMs_70000_80000,E-nunSOWtMs,70000,80000,70.0,80.0,10.0
vggtest_E6QQRZHrx6s_30000_40000,E6QQRZHrx6s,30000,40000,30.0,40.0,10.0
vggtest_E6TSYy7ikcs_129000_139000,E6TSYy7ikcs,129000,139000,129.0,139.0,10.0
vggtest_EIzBD62ja8E_30000_40000,EIzBD62ja8E,30000,40000,30.0,40.0,10.0
vggtest_ENQli94rpHM_0_10000,ENQli94rpHM,0,10000,0.0,10.0,10.0
vggtest_EN_fOMt-IVE_60000_70000,EN_fOMt-IVE,60000,70000,60.0,70.0,10.0
vggtest_EQHrQIaQNv8_30000_40000,EQHrQIaQNv8,30000,40000,30.0,40.0,10.0
vggtest_EQrpQGyLR1Y_2000_12000,EQrpQGyLR1Y,2000,12000,2.0,12.0,10.0
vggtest_EU0Vrwxs7pU_170000_180000,EU0Vrwxs7pU,170000,180000,170.0,180.0,10.0
vggtest_EhLPUSnX2_Q_81000_91000,EhLPUSnX2_Q,81000,91000,81.0,91.0,10.0
vggtest_Ergjh8YR0OM_20000_30000,Ergjh8YR0OM,20000,30000,20.0,30.0,10.0
vggtest_EtcoN3RhRZg_127000_137000,EtcoN3RhRZg,127000,137000,127.0,137.0,10.0
vggtest_EzUCugyQf8k_40000_50000,EzUCugyQf8k,40000,50000,40.0,50.0,10.0
vggtest_F-c6oa091zo_150000_160000,F-c6oa091zo,150000,160000,150.0,160.0,10.0
vggtest_F-p8xsDSjnw_30000_40000,F-p8xsDSjnw,30000,40000,30.0,40.0,10.0
vggtest_F5iBhMGDdwE_70000_80000,F5iBhMGDdwE,70000,80000,70.0,80.0,10.0
vggtest_F8m310BMRvc_30000_40000,F8m310BMRvc,30000,40000,30.0,40.0,10.0
vggtest_F9bJVVYgFl4_73000_83000,F9bJVVYgFl4,73000,83000,73.0,83.0,10.0
vggtest_FFSWmryaZ60_30000_40000,FFSWmryaZ60,30000,40000,30.0,40.0,10.0
vggtest_FgzVC4jxtxg_100000_110000,FgzVC4jxtxg,100000,110000,100.0,110.0,10.0
vggtest_FnCrdfgwfdM_622000_632000,FnCrdfgwfdM,622000,632000,622.0,632.0,10.0
vggtest_Fr0UnYeFVW0_10000_20000,Fr0UnYeFVW0,10000,20000,10.0,20.0,10.0
vggtest_FwnRxfcUHIE_29000_39000,FwnRxfcUHIE,29000,39000,29.0,39.0,10.0
vggtest_G1OlHEvPRT8_30000_40000,G1OlHEvPRT8,30000,40000,30.0,40.0,10.0
vggtest_G2jq2X-00n4_0_10000,G2jq2X-00n4,0,10000,0.0,10.0,10.0
vggtest_G4fTKotMoWI_30000_40000,G4fTKotMoWI,30000,40000,30.0,40.0,10.0
vggtest_G880gxjj9dI_30000_40000,G880gxjj9dI,30000,40000,30.0,40.0,10.0
vggtest_GU7mq8uZgJo_431000_441000,GU7mq8uZgJo,431000,441000,431.0,441.0,10.0
vggtest_GXuqtCdONDs_91000_101000,GXuqtCdONDs,91000,101000,91.0,101.0,10.0
vggtest_G_jA6itU_FA_125000_135000,G_jA6itU_FA,125000,135000,125.0,135.0,10.0
vggtest_GdFlyobMoAE_9000_19000,GdFlyobMoAE,9000,19000,9.0,19.0,10.0
vggtest_GjoBV2mf8jo_80000_90000,GjoBV2mf8jo,80000,90000,80.0,90.0,10.0
vggtest_GnmgSQq6E54_180000_190000,GnmgSQq6E54,180000,190000,180.0,190.0,10.0
vggtest_GrzDev6lW0Q_41000_51000,GrzDev6lW0Q,41000,51000,41.0,51.0,10.0
vggtest_H692PyayBt4_0_10000,H692PyayBt4,0,10000,0.0,10.0,10.0
vggtest_H7leMctSTMc_30000_40000,H7leMctSTMc,30000,40000,30.0,40.0,10.0
vggtest_HJGtRMubleU_30000_40000,HJGtRMubleU,30000,40000,30.0,40.0,10.0
vggtest_HJrYNAIm1AY_110000_120000,HJrYNAIm1AY,110000,120000,110.0,120.0,10.0
vggtest_HMhAM5aicvI_30000_40000,HMhAM5aicvI,30000,40000,30.0,40.0,10.0
vggtest_HO7EiiblQe4_30000_40000,HO7EiiblQe4,30000,40000,30.0,40.0,10.0
vggtest_HWjQnxlvwa0_430000_440000,HWjQnxlvwa0,430000,440000,430.0,440.0,10.0
vggtest_Hexc6YWqptw_5000_15000,Hexc6YWqptw,5000,15000,5.0,15.0,10.0
vggtest_Hf-uMkF-gyA_296000_306000,Hf-uMkF-gyA,296000,306000,296.0,306.0,10.0
vggtest_Hjx-S-6U9k0_50000_60000,Hjx-S-6U9k0,50000,60000,50.0,60.0,10.0
vggtest_Hn0UhOnyeJ0_225000_235000,Hn0UhOnyeJ0,225000,235000,225.0,235.0,10.0
vggtest_Ht3h4-eNQCU_5000_15000,Ht3h4-eNQCU,5000,15000,5.0,15.0,10.0
vggtest_Hu1OmW6Glaw_30000_40000,Hu1OmW6Glaw,30000,40000,30.0,40.0,10.0
vggtest_HwGK5RvNOFI_30000_40000,HwGK5RvNOFI,30000,40000,30.0,40.0,10.0
vggtest_I0jA3pAj5VI_27000_37000,I0jA3pAj5VI,27000,37000,27.0,37.0,10.0
vggtest_I1NE3H6soBU_300000_310000,I1NE3H6soBU,300000,310000,300.0,310.0,10.0
vggtest_I7OqRsLtmh0_310000_320000,I7OqRsLtmh0,310000,320000,310.0,320.0,10.0
vggtest_IEjaZmXmm4c_20000_30000,IEjaZmXmm4c,20000,30000,20.0,30.0,10.0
vggtest_IMQtdwaG8I8_101000_111000,IMQtdwaG8I8,101000,111000,101.0,111.0,10.0
vggtest_INQWH7mOGeQ_30000_40000,INQWH7mOGeQ,30000,40000,30.0,40.0,10.0
vggtest_IPIS6TUVpSM_30000_40000,IPIS6TUVpSM,30000,40000,30.0,40.0,10.0
vggtest_IPYHy8k9Z34_50000_60000,IPYHy8k9Z34,50000,60000,50.0,60.0,10.0
vggtest_IQszXcU_OBI_147000_157000,IQszXcU_OBI,147000,157000,147.0,157.0,10.0
vggtest_IUItviB2VsQ_30000_40000,IUItviB2VsQ,30000,40000,30.0,40.0,10.0
vggtest_IVJkeUVwUaY_145000_155000,IVJkeUVwUaY,145000,155000,145.0,155.0,10.0
vggtest_IckvLvmXEBk_330000_340000,IckvLvmXEBk,330000,340000,330.0,340.0,10.0
vggtest_If1yxmaJ14M_170000_180000,If1yxmaJ14M,170000,180000,170.0,180.0,10.0
vggtest_IiJciyiQBDw_10000_20000,IiJciyiQBDw,10000,20000,10.0,20.0,10.0
vggtest_IlDRFxrDWw8_90000_100000,IlDRFxrDWw8,90000,100000,90.0,100.0,10.0
vggtest_IodeRr1vIgE_10000_20000,IodeRr1vIgE,10000,20000,10.0,20.0,10.0
vggtest_Iu1k5XJoeXk_0_10000,Iu1k5XJoeXk,0,10000,0.0,10.0,10.0
vggtest_Iw4CEwT1wI8_11000_21000,Iw4CEwT1wI8,11000,21000,11.0,21.0,10.0
vggtest_J12HPLJd84Q_120000_130000,J12HPLJd84Q,120000,130000,120.0,130.0,10.0
vggtest_J1WfhSyPeus_24000_34000,J1WfhSyPeus,24000,34000,24.0,34.0,10.0
vggtest_J3ALZUC6tYI_65000_75000,J3ALZUC6tYI,65000,75000,65.0,75.0,10.0
vggtest_J3yMNpeDo6Q_30000_40000,J3yMNpeDo6Q,30000,40000,30.0,40.0,10.0
vggtest_J4IWp4vNFnw_100000_110000,J4IWp4vNFnw,100000,110000,100.0,110.0,10.0
vggtest_J6T4OwacRL0_450000_460000,J6T4OwacRL0,450000,460000,450.0,460.0,10.0
vggtest_JCapiyzc_AA_30000_40000,JCapiyzc_AA,30000,40000,30.0,40.0,10.0
vggtest_JIMJ7ewIoPA_30000_40000,JIMJ7ewIoPA,30000,40000,30.0,40.0,10.0
vggtest_JKbUVdMJAO8_30000_40000,JKbUVdMJAO8,30000,40000,30.0,40.0,10.0
vggtest_JMVAOTC7hIU_89000_99000,JMVAOTC7hIU,89000,99000,89.0,99.0,10.0
vggtest_JW3fRqCF5bY_130000_140000,JW3fRqCF5bY,130000,140000,130.0,140.0,10.0
vggtest_JXl3VdTNRtA_20000_30000,JXl3VdTNRtA,20000,30000,20.0,30.0,10.0
vggtest_JcLpx0VveSw_17000_27000,JcLpx0VveSw,17000,27000,17.0,27.0,10.0
vggtest_Jfw-FBJLiq8_752000_762000,Jfw-FBJLiq8,752000,762000,752.0,762.0,10.0
vggtest_JgKD-nqKTlQ_297000_307000,JgKD-nqKTlQ,297000,307000,297.0,307.0,10.0
vggtest_JjqHDGzcz6c_100000_110000,JjqHDGzcz6c,100000,110000,100.0,110.0,10.0
vggtest_JoKMKFX12x8_3000_13000,JoKMKFX12x8,3000,13000,3.0,13.0,10.0
vggtest_JpwAOJ-FaJQ_245000_255000,JpwAOJ-FaJQ,245000,255000,245.0,255.0,10.0
vggtest_JxE-EZJY2Q0_40000_50000,JxE-EZJY2Q0,40000,50000,40.0,50.0,10.0
vggtest_K-Zg1-fR9kU_88000_98000,K-Zg1-fR9kU,88000,98000,88.0,98.0,10.0
vggtest_K3Q8Gi6oPIg_30000_40000,K3Q8Gi6oPIg,30000,40000,30.0,40.0,10.0
vggtest_K5aJwQ2X2Sc_260000_270000,K5aJwQ2X2Sc,260000,270000,260.0,270.0,10.0
vggtest_K6EhC59pgWA_0_10000,K6EhC59pgWA,0,10000,0.0,10.0,10.0
vggtest_K9bWqZczmeA_780000_790000,K9bWqZczmeA,780000,790000,780.0,790.0,10.0
vggtest_KK5AClS1mxA_651000_661000,KK5AClS1mxA,651000,661000,651.0,661.0,10.0
vggtest_KLd-rJMoeko_20000_30000,KLd-rJMoeko,20000,30000,20.0,30.0,10.0
vggtest_KRtYq1p2Tyg_6000_16000,KRtYq1p2Tyg,6000,16000,6.0,16.0,10.0
vggtest_KU0aL_iR0_I_560000_570000,KU0aL_iR0_I,560000,570000,560.0,570.0,10.0
vggtest_KXn7InqM3yo_30000_40000,KXn7InqM3yo,30000,40000,30.0,40.0,10.0
vggtest_KcYCxfTPfY0_0_10000,KcYCxfTPfY0,0,10000,0.0,10.0,10.0
vggtest_Kfr4i48HNcA_53000_63000,Kfr4i48HNcA,53000,63000,53.0,63.0,10.0
vggtest_KfzH17TqnpE_248000_258000,KfzH17TqnpE,248000,258000,248.0,258.0,10.0
vggtest_KhjtXdPpEHM_99000_109000,KhjtXdPpEHM,99000,109000,99.0,109.0,10.0
vggtest_KksMNKXuiNw_12000_22000,KksMNKXuiNw,12000,22000,12.0,22.0,10.0
vggtest_Kqw--nmhaRw_931000_941000,Kqw--nmhaRw,931000,941000,931.0,941.0,10.0
vggtest_KwlYiJEy0Po_130000_140000,KwlYiJEy0Po,130000,140000,130.0,140.0,10.0
vggtest_L3wNweyCqdY_394000_404000,L3wNweyCqdY,394000,404000,394.0,404.0,10.0
vggtest_L5UDz2PJ9sk_30000_40000,L5UDz2PJ9sk,30000,40000,30.0,40.0,10.0
vggtest_LGrpsZ7BsQA_30000_40000,LGrpsZ7BsQA,30000,40000,30.0,40.0,10.0
vggtest_LMrVjK1otdM_131000_141000,LMrVjK1otdM,131000,141000,131.0,141.0,10.0
vggtest_LMv4Vt9otVg_30000_40000,LMv4Vt9otVg,30000,40000,30.0,40.0,10.0
vggtest_LOHw8cZZ9-U_450000_460000,LOHw8cZZ9-U,450000,460000,450.0,460.0,10.0
vggtest_LSaLPObrnZw_10000_20000,LSaLPObrnZw,10000,20000,10.0,20.0,10.0
vggtest_LTA3ncpTnUo_30000_40000,LTA3ncpTnUo,30000,40000,30.0,40.0,10.0
vggtest_LTXXIMHSfo0_14000_24000,LTXXIMHSfo0,14000,24000,14.0,24.0,10.0
vggtest_LX5Y1jcoUXE_30000_40000,LX5Y1jcoUXE,30000,40000,30.0,40.0,10.0
vggtest_LaBLXBBiCw4_75000_85000,LaBLXBBiCw4,75000,85000,75.0,85.0,10.0
vggtest_LgvmB3oyRWQ_299000_309000,LgvmB3oyRWQ,299000,309000,299.0,309.0,10.0
vggtest_LrcvUfmRN8k_30000_40000,LrcvUfmRN8k,30000,40000,30.0,40.0,10.0
vggtest_LwZNG7Uuu7g_65000_75000,LwZNG7Uuu7g,65000,75000,65.0,75.0,10.0
vggtest_LwypJxIZ31w_1000_11000,LwypJxIZ31w,1000,11000,1.0,11.0,10.0
vggtest_M5rWO2qL6WQ_23000_33000,M5rWO2qL6WQ,23000,33000,23.0,33.0,10.0
vggtest_M7rGKqfZh6k_30000_40000,M7rGKqfZh6k,30000,40000,30.0,40.0,10.0
vggtest_MCa8xcBlBe8_30000_40000,MCa8xcBlBe8,30000,40000,30.0,40.0,10.0
vggtest_MDotfX0EyFg_110000_120000,MDotfX0EyFg,110000,120000,110.0,120.0,10.0
vggtest_MLMRHScRnhs_42000_52000,MLMRHScRnhs,42000,52000,42.0,52.0,10.0
vggtest_MNXrgwjf4CY_356000_366000,MNXrgwjf4CY,356000,366000,356.0,366.0,10.0
vggtest_MW0ZTvRCS1o_220000_230000,MW0ZTvRCS1o,220000,230000,220.0,230.0,10.0
vggtest_Mb-GyQEKoEc_30000_40000,Mb-GyQEKoEc,30000,40000,30.0,40.0,10.0
vggtest_MhKSI8ggZ7Y_30000_40000,MhKSI8ggZ7Y,30000,40000,30.0,40.0,10.0
vggtest_MnEZwnRuQR8_30000_40000,MnEZwnRuQR8,30000,40000,30.0,40.0,10.0
vggtest_Mp_87MQx6Ms_40000_50000,Mp_87MQx6Ms,40000,50000,40.0,50.0,10.0
vggtest_Mr8WsLsNp0A_2000_12000,Mr8WsLsNp0A,2000,12000,2.0,12.0,10.0
vggtest_MzK0doyIM70_500000_510000,MzK0doyIM70,500000,510000,500.0,510.0,10.0
vggtest_N4QzDWQEhYE_109000_119000,N4QzDWQEhYE,109000,119000,109.0,119.0,10.0
vggtest_NFjonUQRHfE_20000_30000,NFjonUQRHfE,20000,30000,20.0,30.0,10.0
vggtest_NMVPs3h0hNw_110000_120000,NMVPs3h0hNw,110000,120000,110.0,120.0,10.0
vggtest_NZMsQG4Zx7I_50000_60000,NZMsQG4Zx7I,50000,60000,50.0,60.0,10.0
vggtest_NcIR-UiXJI0_30000_40000,NcIR-UiXJI0,30000,40000,30.0,40.0,10.0
vggtest_NcIt4xNctkA_50000_60000,NcIt4xNctkA,50000,60000,50.0,60.0,10.0
vggtest_NgyeHliItww_0_10000,NgyeHliItww,0,10000,0.0,10.0,10.0
vggtest_Nht8x-egV7Y_15000_25000,Nht8x-egV7Y,15000,25000,15.0,25.0,10.0
vggtest_Ni_RNKhQ47k_118000_128000,Ni_RNKhQ47k,118000,128000,118.0,128.0,10.0
vggtest_NpGTa9fRvUU_30000_40000,NpGTa9fRvUU,30000,40000,30.0,40.0,10.0
vggtest_Nuyu78uZcVE_58000_68000,Nuyu78uZcVE,58000,68000,58.0,68.0,10.0
vggtest_NvIZAovN5s8_308000_318000,NvIZAovN5s8,308000,318000,308.0,318.0,10.0
vggtest_O8S1mItzKFk_115000_125000,O8S1mItzKFk,115000,125000,115.0,125.0,10.0
vggtest_OPXoyT08GvQ_17000_27000,OPXoyT08GvQ,17000,27000,17.0,27.0,10.0
vggtest_OPhporfGJg8_30000_40000,OPhporfGJg8,30000,40000,30.0,40.0,10.0
vggtest_OTZDYafhtKY_634000_644000,OTZDYafhtKY,634000,644000,634.0,644.0,10.0
vggtest_OdOu8yGpIig_456000_466000,OdOu8yGpIig,456000,466000,456.0,466.0,10.0
vggtest_OhhSpbVbXYA_145000_155000,OhhSpbVbXYA,145000,155000,145.0,155.0,10.0
vggtest_OifvajLsn5I_30000_40000,OifvajLsn5I,30000,40000,30.0,40.0,10.0
vggtest_OwkOp5fVJK4_470000_480000,OwkOp5fVJK4,470000,480000,470.0,480.0,10.0
vggtest_P4ocWEaK3eg_200000_210000,P4ocWEaK3eg,200000,210000,200.0,210.0,10.0
vggtest_PSt_gdjwmvY_140000_150000,PSt_gdjwmvY,140000,150000,140.0,150.0,10.0
vggtest_PVgL5wFOKMs_30000_40000,PVgL5wFOKMs,30000,40000,30.0,40.0,10.0
vggtest_PWwD7zzMOWE_540000_550000,PWwD7zzMOWE,540000,550000,540.0,550.0,10.0
vggtest_PXvygAB5RKg_300000_310000,PXvygAB5RKg,300000,310000,300.0,310.0,10.0
vggtest_PaJatNJhmsQ_0_10000,PaJatNJhmsQ,0,10000,0.0,10.0,10.0
vggtest_PaZ4aVEsPsE_19000_29000,PaZ4aVEsPsE,19000,29000,19.0,29.0,10.0
vggtest_Pair_NsHdTc_30000_40000,Pair_NsHdTc,30000,40000,30.0,40.0,10.0
vggtest_PlGrb1DKbao_130000_140000,PlGrb1DKbao,130000,140000,130.0,140.0,10.0
vggtest_PpuiOM0vuxo_41000_51000,PpuiOM0vuxo,41000,51000,41.0,51.0,10.0
vggtest_PwazdGn6ldc_30000_40000,PwazdGn6ldc,30000,40000,30.0,40.0,10.0
vggtest_PyponzntqzM_163000_173000,PyponzntqzM,163000,173000,163.0,173.0,10.0
vggtest_Q6pnggPsxDw_70000_80000,Q6pnggPsxDw,70000,80000,70.0,80.0,10.0
vggtest_QAgy9r331v0_30000_40000,QAgy9r331v0,30000,40000,30.0,40.0,10.0
vggtest_QAoCyTYnAuc_11000_21000,QAoCyTYnAuc,11000,21000,11.0,21.0,10.0
vggtest_QFovsFrNNfw_136000_146000,QFovsFrNNfw,136000,146000,136.0,146.0,10.0
vggtest_QIRX5273XKk_30000_40000,QIRX5273XKk,30000,40000,30.0,40.0,10.0
vggtest_QIuP8om7fYE_69000_79000,QIuP8om7fYE,69000,79000,69.0,79.0,10.0
vggtest_QK27EA8DmHQ_385000_395000,QK27EA8DmHQ,385000,395000,385.0,395.0,10.0
vggtest_QLEXmKz-MV4_70000_80000,QLEXmKz-MV4,70000,80000,70.0,80.0,10.0
vggtest_QNekELxXfHw_20000_30000,QNekELxXfHw,20000,30000,20.0,30.0,10.0
vggtest_QPR_tghZjAI_30000_40000,QPR_tghZjAI,30000,40000,30.0,40.0,10.0
vggtest_QRKc90kuAaE_560000_570000,QRKc90kuAaE,560000,570000,560.0,570.0,10.0
vggtest_QRLfJ0FuEbc_267000_277000,QRLfJ0FuEbc,267000,277000,267.0,277.0,10.0
vggtest_QYYfs7ehzuc_126000_136000,QYYfs7ehzuc,126000,136000,126.0,136.0,10.0
vggtest_QZKH9-7cpq8_470000_480000,QZKH9-7cpq8,470000,480000,470.0,480.0,10.0
vggtest_Qdr2xmK84Jo_30000_40000,Qdr2xmK84Jo,30000,40000,30.0,40.0,10.0
vggtest_QlqLLZQLNiA_0_10000,QlqLLZQLNiA,0,10000,0.0,10.0,10.0
vggtest_Qovva-Q5vmM_216000_226000,Qovva-Q5vmM,216000,226000,216.0,226.0,10.0
vggtest_QrsgFZBBrzo_250000_260000,QrsgFZBBrzo,250000,260000,250.0,260.0,10.0
vggtest_QvpIrEHvZWI_171000_181000,QvpIrEHvZWI,171000,181000,171.0,181.0,10.0
vggtest_QyGfqIKBGFE_5000_15000,QyGfqIKBGFE,5000,15000,5.0,15.0,10.0
vggtest_QySssFgqGq0_121000_131000,QySssFgqGq0,121000,131000,121.0,131.0,10.0
vggtest_R0bAuQ3vfgA_30000_40000,R0bAuQ3vfgA,30000,40000,30.0,40.0,10.0
vggtest_R1CqlyLZl28_5000_15000,R1CqlyLZl28,5000,15000,5.0,15.0,10.0
vggtest_R6EbA_Is4gc_520000_530000,R6EbA_Is4gc,520000,530000,520.0,530.0,10.0
vggtest_R9qOM83klNc_81000_91000,R9qOM83klNc,81000,91000,81.0,91.0,10.0
vggtest_RA8ck5zeHM0_0_10000,RA8ck5zeHM0,0,10000,0.0,10.0,10.0
vggtest_RFbWkL818XQ_30000_40000,RFbWkL818XQ,30000,40000,30.0,40.0,10.0
vggtest_RFeU64gTvGQ_0_10000,RFeU64gTvGQ,0,10000,0.0,10.0,10.0
vggtest_RQvbm3l3wmA_110000_120000,RQvbm3l3wmA,110000,120000,110.0,120.0,10.0
vggtest_RVV2k3G6hes_14000_24000,RVV2k3G6hes,14000,24000,14.0,24.0,10.0
vggtest_RYia-H9Hm88_0_10000,RYia-H9Hm88,0,10000,0.0,10.0,10.0
vggtest_Rg971GlT_Ro_21000_31000,Rg971GlT_Ro,21000,31000,21.0,31.0,10.0
vggtest_S1_mKhT8FVo_28000_38000,S1_mKhT8FVo,28000,38000,28.0,38.0,10.0
vggtest_SB1dEgUQh3w_168000_178000,SB1dEgUQh3w,168000,178000,168.0,178.0,10.0
vggtest_SBwyfAg28OE_60000_70000,SBwyfAg28OE,60000,70000,60.0,70.0,10.0
vggtest_SL52ykhLo8A_70000_80000,SL52ykhLo8A,70000,80000,70.0,80.0,10.0
vggtest_SMkVCM9GfO8_30000_40000,SMkVCM9GfO8,30000,40000,30.0,40.0,10.0
vggtest_SSFFe1cVwgU_80000_90000,SSFFe1cVwgU,80000,90000,80.0,90.0,10.0
vggtest_SUyaiLzdWDk_30000_40000,SUyaiLzdWDk,30000,40000,30.0,40.0,10.0
vggtest_S_-F4Nr-2Ig_307000_317000,S_-F4Nr-2Ig,307000,317000,307.0,317.0,10.0
vggtest_Sa_ovp-50Tc_30000_40000,Sa_ovp-50Tc,30000,40000,30.0,40.0,10.0
vggtest_SfoN3MJ1RCI_30000_40000,SfoN3MJ1RCI,30000,40000,30.0,40.0,10.0
vggtest_ShSRKoE7hHc_128000_138000,ShSRKoE7hHc,128000,138000,128.0,138.0,10.0
vggtest_Skrr-UgHeHg_8000_18000,Skrr-UgHeHg,8000,18000,8.0,18.0,10.0
vggtest_SkyxbPeBxNA_0_10000,SkyxbPeBxNA,0,10000,0.0,10.0,10.0
vggtest_Sqpkv9fnxqw_210000_220000,Sqpkv9fnxqw,210000,220000,210.0,220.0,10.0
vggtest_SsloEIMVDmk_16000_26000,SsloEIMVDmk,16000,26000,16.0,26.0,10.0
vggtest_SxI3Lnzzmkw_110000_120000,SxI3Lnzzmkw,110000,120000,110.0,120.0,10.0
vggtest_SzhOVP7BXUE_0_10000,SzhOVP7BXUE,0,10000,0.0,10.0,10.0
vggtest_T7fsXVDXFQo_300000_310000,T7fsXVDXFQo,300000,310000,300.0,310.0,10.0
vggtest_TA-O_bVnvLY_540000_550000,TA-O_bVnvLY,540000,550000,540.0,550.0,10.0
vggtest_TC3Z6NuoFz8_460000_470000,TC3Z6NuoFz8,460000,470000,460.0,470.0,10.0
vggtest_TP_CVBCc4-U_90000_100000,TP_CVBCc4-U,90000,100000,90.0,100.0,10.0
vggtest_TR4-xSB97w8_30000_40000,TR4-xSB97w8,30000,40000,30.0,40.0,10.0
vggtest_TRW3OqA1cXE_30000_40000,TRW3OqA1cXE,30000,40000,30.0,40.0,10.0
vggtest_TT8xhjDC3Cg_250000_260000,TT8xhjDC3Cg,250000,260000,250.0,260.0,10.0
vggtest_Tc9sb71px5I_30000_40000,Tc9sb71px5I,30000,40000,30.0,40.0,10.0
vggtest_Tfj3_pJLdjM_747000_757000,Tfj3_pJLdjM,747000,757000,747.0,757.0,10.0
vggtest_Tk0Sl9H0CE0_324000_334000,Tk0Sl9H0CE0,324000,334000,324.0,334.0,10.0
vggtest_TmwM6LCcIBg_130000_140000,TmwM6LCcIBg,130000,140000,130.0,140.0,10.0
vggtest_ToIdgjI3u4Q_30000_40000,ToIdgjI3u4Q,30000,40000,30.0,40.0,10.0
vggtest_TpPHH7wQz_M_30000_40000,TpPHH7wQz_M,30000,40000,30.0,40.0,10.0
vggtest_Tpg9LiS6K-M_234000_244000,Tpg9LiS6K-M,234000,244000,234.0,244.0,10.0
vggtest_TuHHUDnFSO0_96000_106000,TuHHUDnFSO0,96000,106000,96.0,106.0,10.0
vggtest_TwbVQetLqfM_3000_13000,TwbVQetLqfM,3000,13000,3.0,13.0,10.0
vggtest_U37ysgI02r8_20000_30000,U37ysgI02r8,20000,30000,20.0,30.0,10.0
vggtest_U4UtZeTl2DE_30000_40000,U4UtZeTl2DE,30000,40000,30.0,40.0,10.0
vggtest_UCgErb1ImPY_31000_41000,UCgErb1ImPY,31000,41000,31.0,41.0,10.0
vggtest_UGlqxl1oiJk_130000_140000,UGlqxl1oiJk,130000,140000,130.0,140.0,10.0
vggtest_ULLEA-jLmpI_30000_40000,ULLEA-jLmpI,30000,40000,30.0,40.0,10.0
vggtest_UOGGfgBN2GM_223000_233000,UOGGfgBN2GM,223000,233000,223.0,233.0,10.0
vggtest_UWizNEHrzCY_17000_27000,UWizNEHrzCY,17000,27000,17.0,27.0,10.0
vggtest_UYScnXPxERQ_150000_160000,UYScnXPxERQ,150000,160000,150.0,160.0,10.0
vggtest_Ub7DXmyQonI_30000_40000,Ub7DXmyQonI,30000,40000,30.0,40.0,10.0
vggtest_Ubmh-lOoe3Y_10000_20000,Ubmh-lOoe3Y,10000,20000,10.0,20.0,10.0
vggtest_Ubo-gKFkdM4_30000_40000,Ubo-gKFkdM4,30000,40000,30.0,40.0,10.0
vggtest_UfJg3VBTLow_420000_430000,UfJg3VBTLow,420000,430000,420.0,430.0,10.0
vggtest_Uj2Os8tYIIQ_400000_410000,Uj2Os8tYIIQ,400000,410000,400.0,410.0,10.0
vggtest_Uml273ueGDE_80000_90000,Uml273ueGDE,80000,90000,80.0,90.0,10.0
vggtest_V8sGSG45U14_30000_40000,V8sGSG45U14,30000,40000,30.0,40.0,10.0
vggtest_VUosI4YQook_30000_40000,VUosI4YQook,30000,40000,30.0,40.0,10.0
vggtest_VeiJYltEZFc_34000_44000,VeiJYltEZFc,34000,44000,34.0,44.0,10.0
vggtest_Via5YWUC1Lk_180000_190000,Via5YWUC1Lk,180000,190000,180.0,190.0,10.0
vggtest_Vo_BuHqpf40_77000_87000,Vo_BuHqpf40,77000,87000,77.0,87.0,10.0
vggtest_Vsl9vfhmbN8_30000_40000,Vsl9vfhmbN8,30000,40000,30.0,40.0,10.0
vggtest_VvpjmyUhvP0_80000_90000,VvpjmyUhvP0,80000,90000,80.0,90.0,10.0
vggtest_W2aR6tTqGx0_90000_100000,W2aR6tTqGx0,90000,100000,90.0,100.0,10.0
vggtest_W75ol-nF6vo_40000_50000,W75ol-nF6vo,40000,50000,40.0,50.0,10.0
vggtest_W7KbboEOmeM_30000_40000,W7KbboEOmeM,30000,40000,30.0,40.0,10.0
vggtest_W9CPGD_lR7g_5000_15000,W9CPGD_lR7g,5000,15000,5.0,15.0,10.0
vggtest_W9DxMx9ZF8A_271000_281000,W9DxMx9ZF8A,271000,281000,271.0,281.0,10.0
vggtest_WElvc92V5Q4_617000_627000,WElvc92V5Q4,617000,627000,617.0,627.0,10.0
vggtest_WFjx0sH7mlc_20000_30000,WFjx0sH7mlc,20000,30000,20.0,30.0,10.0
vggtest_WGOZNdTXITQ_205000_215000,WGOZNdTXITQ,205000,215000,205.0,215.0,10.0
vggtest_WGuc_McKm_4_30000_40000,WGuc_McKm_4,30000,40000,30.0,40.0,10.0
vggtest_WKlLEyxuUqo_410000_420000,WKlLEyxuUqo,410000,420000,410.0,420.0,10.0
vggtest_WKlfyztuZ7I_62000_72000,WKlfyztuZ7I,62000,72000,62.0,72.0,10.0
vggtest_WOoi5Sr2ux0_21000_31000,WOoi5Sr2ux0,21000,31000,21.0,31.0,10.0
vggtest_WPY9SLh8dwY_390000_400000,WPY9SLh8dwY,390000,400000,390.0,400.0,10.0
vggtest_WVS46ZGovGw_30000_40000,WVS46ZGovGw,30000,40000,30.0,40.0,10.0
vggtest_WY73T0xaY0A_180000_190000,WY73T0xaY0A,180000,190000,180.0,190.0,10.0
vggtest_W__drEPwHrg_31000_41000,W__drEPwHrg,31000,41000,31.0,41.0,10.0
vggtest_WdGkP2ID5S4_30000_40000,WdGkP2ID5S4,30000,40000,30.0,40.0,10.0
vggtest_WftXzNONXZo_169000_179000,WftXzNONXZo,169000,179000,169.0,179.0,10.0
vggtest_WhBHLyBY5to_9000_19000,WhBHLyBY5to,9000,19000,9.0,19.0,10.0
vggtest_WkkhcwXpYy4_30000_40000,WkkhcwXpYy4,30000,40000,30.0,40.0,10.0
vggtest_WpZnqqaDr1A_380000_390000,WpZnqqaDr1A,380000,390000,380.0,390.0,10.0
vggtest_Wqqx_L1r8Hk_19000_29000,Wqqx_L1r8Hk,19000,29000,19.0,29.0,10.0
vggtest_Wqv0fvaXGM4_52000_62000,Wqv0fvaXGM4,52000,62000,52.0,62.0,10.0
vggtest_WrSpubuVkN0_330000_340000,WrSpubuVkN0,330000,340000,330.0,340.0,10.0
vggtest_Wxup2o0w1kU_30000_40000,Wxup2o0w1kU,30000,40000,30.0,40.0,10.0
vggtest_X07KIUzogxU_26000_36000,X07KIUzogxU,26000,36000,26.0,36.0,10.0
vggtest_X2IUVELRuzs_110000_120000,X2IUVELRuzs,110000,120000,110.0,120.0,10.0
vggtest_X3Ukm37HbE0_30000_40000,X3Ukm37HbE0,30000,40000,30.0,40.0,10.0
vggtest_X3dPV8J8lnc_139000_149000,X3dPV8J8lnc,139000,149000,139.0,149.0,10.0
vggtest_X50vQ1-1Z3g_60000_70000,X50vQ1-1Z3g,60000,70000,60.0,70.0,10.0
vggtest_X6MBdPls4RI_0_10000,X6MBdPls4RI,0,10000,0.0,10.0,10.0
vggtest_X8E2Vx0ygi8_230000_240000,X8E2Vx0ygi8,230000,240000,230.0,240.0,10.0
vggtest_XA6RBioito4_67000_77000,XA6RBioito4,67000,77000,67.0,77.0,10.0
vggtest_XCiz7m7HQrs_120000_130000,XCiz7m7HQrs,120000,130000,120.0,130.0,10.0
vggtest_XCkoQ-sCQ4Y_170000_180000,XCkoQ-sCQ4Y,170000,180000,170.0,180.0,10.0
vggtest_XDWakm0T8fY_519000_529000,XDWakm0T8fY,519000,529000,519.0,529.0,10.0
vggtest_XFpVYFTQRuQ_188000_198000,XFpVYFTQRuQ,188000,198000,188.0,198.0,10.0
vggtest_XG1fNGITN08_400000_410000,XG1fNGITN08,400000,410000,400.0,410.0,10.0
vggtest_XIohMvtR0Og_30000_40000,XIohMvtR0Og,30000,40000,30.0,40.0,10.0
vggtest_XPxukUQmF00_30000_40000,XPxukUQmF00,30000,40000,30.0,40.0,10.0
vggtest_XS-3djsJWTA_360000_370000,XS-3djsJWTA,360000,370000,360.0,370.0,10.0
vggtest_XTFD-XHCo2Q_0_10000,XTFD-XHCo2Q,0,10000,0.0,10.0,10.0
vggtest_XUOtJ05Zg7E_120000_130000,XUOtJ05Zg7E,120000,130000,120.0,130.0,10.0
vggtest_XiQhJPkvn1I_654000_664000,XiQhJPkvn1I,654000,664000,654.0,664.0,10.0
vggtest_XjkUtn062ho_0_10000,XjkUtn062ho,0,10000,0.0,10.0,10.0
vggtest_XkwleyFCBrI_180000_190000,XkwleyFCBrI,180000,190000,180.0,190.0,10.0
vggtest_XkyKliH1X3c_25000_35000,XkyKliH1X3c,25000,35000,25.0,35.0,10.0
vggtest_XmjFnhOTLm0_96000_106000,XmjFnhOTLm0,96000,106000,96.0,106.0,10.0
vggtest_Xp-u8qRkJZA_14000_24000,Xp-u8qRkJZA,14000,24000,14.0,24.0,10.0
vggtest_XyT6JsD0o88_20000_30000,XyT6JsD0o88,20000,30000,20.0,30.0,10.0
vggtest_Y0zPnwGCSw0_48000_58000,Y0zPnwGCSw0,48000,58000,48.0,58.0,10.0
vggtest_Y3Iu9Xq-TaU_505000_515000,Y3Iu9Xq-TaU,505000,515000,505.0,515.0,10.0
vggtest_Y5ZGlOUUcs8_290000_300000,Y5ZGlOUUcs8,290000,300000,290.0,300.0,10.0
vggtest_Y6w2drYRvg8_37000_47000,Y6w2drYRvg8,37000,47000,37.0,47.0,10.0
vggtest_Y7aU3aCEf5A_30000_40000,Y7aU3aCEf5A,30000,40000,30.0,40.0,10.0
vggtest_YNNepx1HYM8_31000_41000,YNNepx1HYM8,31000,41000,31.0,41.0,10.0
vggtest_YTZK9FNgK74_30000_40000,YTZK9FNgK74,30000,40000,30.0,40.0,10.0
vggtest_YY1Qf9Q_Zx8_37000_47000,YY1Qf9Q_Zx8,37000,47000,37.0,47.0,10.0
vggtest_Yf7ypnJ2J-U_39000_49000,Yf7ypnJ2J-U,39000,49000,39.0,49.0,10.0
vggtest_YfV9YjCSkYM_30000_40000,YfV9YjCSkYM,30000,40000,30.0,40.0,10.0
vggtest_YoSAZzE9tMI_30000_40000,YoSAZzE9tMI,30000,40000,30.0,40.0,10.0
vggtest_Ysrlv2UlG8A_30000_40000,Ysrlv2UlG8A,30000,40000,30.0,40.0,10.0
vggtest_YvxuyNi_wJM_1000_11000,YvxuyNi_wJM,1000,11000,1.0,11.0,10.0
vggtest_YwoYv1REVss_50000_60000,YwoYv1REVss,50000,60000,50.0,60.0,10.0
vggtest_Yx5pH0S0Clc_62000_72000,Yx5pH0S0Clc,62000,72000,62.0,72.0,10.0
vggtest_YxCVP-9lvZ4_215000_225000,YxCVP-9lvZ4,215000,225000,215.0,225.0,10.0
vggtest_Z0wu_Qi3Cxk_115000_125000,Z0wu_Qi3Cxk,115000,125000,115.0,125.0,10.0
vggtest_ZFs03gCSB_g_270000_280000,ZFs03gCSB_g,270000,280000,270.0,280.0,10.0
vggtest_ZHK2VTTMMWs_370000_380000,ZHK2VTTMMWs,370000,380000,370.0,380.0,10.0
vggtest_ZP0aFBkk3WE_92000_102000,ZP0aFBkk3WE,92000,102000,92.0,102.0,10.0
vggtest_ZRBdcMCPFV8_39000_49000,ZRBdcMCPFV8,39000,49000,39.0,49.0,10.0
vggtest_ZZO50JTetDE_580000_590000,ZZO50JTetDE,580000,590000,580.0,590.0,10.0
vggtest_ZahBai58_Ec_330000_340000,ZahBai58_Ec,330000,340000,330.0,340.0,10.0
vggtest_ZvG5aSIrYAw_190000_200000,ZvG5aSIrYAw,190000,200000,190.0,200.0,10.0
vggtest_ZvSaahj1hUk_29000_39000,ZvSaahj1hUk,29000,39000,29.0,39.0,10.0
vggtest_ZwAplWOatRo_20000_30000,ZwAplWOatRo,20000,30000,20.0,30.0,10.0
vggtest__AUtYTaYMrE_100000_110000,_AUtYTaYMrE,100000,110000,100.0,110.0,10.0
vggtest__E3-DzuWPs4_132000_142000,_E3-DzuWPs4,132000,142000,132.0,142.0,10.0
vggtest__P96ibCmCt0_140000_150000,_P96ibCmCt0,140000,150000,140.0,150.0,10.0
vggtest__RLsXrr0fQo_80000_90000,_RLsXrr0fQo,80000,90000,80.0,90.0,10.0
vggtest__X69MdLl5rU_176000_186000,_X69MdLl5rU,176000,186000,176.0,186.0,10.0
vggtest___2MwJ2uHu0_4000_14000,__2MwJ2uHu0,4000,14000,4.0,14.0,10.0
vggtest__cES7Twcq18_6000_16000,_cES7Twcq18,6000,16000,6.0,16.0,10.0
vggtest__gY3Z2pWGsA_150000_160000,_gY3Z2pWGsA,150000,160000,150.0,160.0,10.0
vggtest__j62xxyQbzo_84000_94000,_j62xxyQbzo,84000,94000,84.0,94.0,10.0
vggtest__loJG92_VBE_50000_60000,_loJG92_VBE,50000,60000,50.0,60.0,10.0
vggtest__vt5Pxi-7BQ_604000_614000,_vt5Pxi-7BQ,604000,614000,604.0,614.0,10.0
vggtest__z72jRCSaeE_80000_90000,_z72jRCSaeE,80000,90000,80.0,90.0,10.0
vggtest_a3UQ9Je4xQM_20000_30000,a3UQ9Je4xQM,20000,30000,20.0,30.0,10.0
vggtest_a4McboobFR8_475000_485000,a4McboobFR8,475000,485000,475.0,485.0,10.0
vggtest_a802qKb_itM_24000_34000,a802qKb_itM,24000,34000,24.0,34.0,10.0
vggtest_a9iCA_YXm-Y_30000_40000,a9iCA_YXm-Y,30000,40000,30.0,40.0,10.0
vggtest_aF399DNTMlo_8000_18000,aF399DNTMlo,8000,18000,8.0,18.0,10.0
vggtest_aFKE_xiCSLY_99000_109000,aFKE_xiCSLY,99000,109000,99.0,109.0,10.0
vggtest_aKZ3NJi8GVU_0_10000,aKZ3NJi8GVU,0,10000,0.0,10.0,10.0
vggtest_aMDAoaCyB1c_73000_83000,aMDAoaCyB1c,73000,83000,73.0,83.0,10.0
vggtest_aOGvHTXY2Us_849000_859000,aOGvHTXY2Us,849000,859000,849.0,859.0,10.0
vggtest_a_kgbg3eDAE_66000_76000,a_kgbg3eDAE,66000,76000,66.0,76.0,10.0
vggtest_abkHKDE-IDc_30000_40000,abkHKDE-IDc,30000,40000,30.0,40.0,10.0
vggtest_afvKRNCfIXA_240000_250000,afvKRNCfIXA,240000,250000,240.0,250.0,10.0
vggtest_ao-TFiShaWU_120000_130000,ao-TFiShaWU,120000,130000,120.0,130.0,10.0
vggtest_asoU_mVzI1g_6000_16000,asoU_mVzI1g,6000,16000,6.0,16.0,10.0
vggtest_b6RkOuPoVWU_130000_140000,b6RkOuPoVWU,130000,140000,130.0,140.0,10.0
vggtest_b7KM28chL14_32000_42000,b7KM28chL14,32000,42000,32.0,42.0,10.0
vggtest_bDN1mAaexyE_180000_190000,bDN1mAaexyE,180000,190000,180.0,190.0,10.0
vggtest_bMYhXjEJl_8_70000_80000,bMYhXjEJl_8,70000,80000,70.0,80.0,10.0
vggtest_bO9-u7AH8B8_30000_40000,bO9-u7AH8B8,30000,40000,30.0,40.0,10.0
vggtest_bOD-pt3NWYc_18000_28000,bOD-pt3NWYc,18000,28000,18.0,28.0,10.0
vggtest_bR8fbwavKtc_60000_70000,bR8fbwavKtc,60000,70000,60.0,70.0,10.0
vggtest_bS_1Sv24jso_0_10000,bS_1Sv24jso,0,10000,0.0,10.0,10.0
vggtest_bciLCctZfjE_200000_210000,bciLCctZfjE,200000,210000,200.0,210.0,10.0
vggtest_bgGgPPudjlQ_209000_219000,bgGgPPudjlQ,209000,219000,209.0,219.0,10.0
vggtest_bm5IT7e2vvI_120000_130000,bm5IT7e2vvI,120000,130000,120.0,130.0,10.0
vggtest_bp-XBkdA4rM_385000_395000,bp-XBkdA4rM,385000,395000,385.0,395.0,10.0
vggtest_bqmWNU5oLZM_7000_17000,bqmWNU5oLZM,7000,17000,7.0,17.0,10.0
vggtest_brpJxppIbDI_140000_150000,brpJxppIbDI,140000,150000,140.0,150.0,10.0
vggtest_bzOeufhFITk_30000_40000,bzOeufhFITk,30000,40000,30.0,40.0,10.0
vggtest_c-qYpm6h0Ew_220000_230000,c-qYpm6h0Ew,220000,230000,220.0,230.0,10.0
vggtest_cEjYmO5-dLk_10000_20000,cEjYmO5-dLk,10000,20000,10.0,20.0,10.0
vggtest_cGUhG5PZp0A_30000_40000,cGUhG5PZp0A,30000,40000,30.0,40.0,10.0
vggtest_cIHmmSm947Q_0_10000,cIHmmSm947Q,0,10000,0.0,10.0,10.0
vggtest_cOgNXgF21u4_30000_40000,cOgNXgF21u4,30000,40000,30.0,40.0,10.0
vggtest_cXEJWtj2kT8_30000_40000,cXEJWtj2kT8,30000,40000,30.0,40.0,10.0
vggtest_cb2348GeL-8_172000_182000,cb2348GeL-8,172000,182000,172.0,182.0,10.0
vggtest_cfi_mCKjbyw_40000_50000,cfi_mCKjbyw,40000,50000,40.0,50.0,10.0
vggtest_chtrHNfaT9U_70000_80000,chtrHNfaT9U,70000,80000,70.0,80.0,10.0
vggtest_ciVsS-oZEPc_103000_113000,ciVsS-oZEPc,103000,113000,103.0,113.0,10.0
vggtest_cmB8l4mQ1XQ_30000_40000,cmB8l4mQ1XQ,30000,40000,30.0,40.0,10.0
vggtest_cuINEhfQW98_289000_299000,cuINEhfQW98,289000,299000,289.0,299.0,10.0
vggtest_d5qR0aff0Kk_30000_40000,d5qR0aff0Kk,30000,40000,30.0,40.0,10.0
vggtest_dVYjJc2KdnY_90000_100000,dVYjJc2KdnY,90000,100000,90.0,100.0,10.0
vggtest_dY3hVWRmYGM_152000_162000,dY3hVWRmYGM,152000,162000,152.0,162.0,10.0
vggtest_d_Hdkt1_ivo_30000_40000,d_Hdkt1_ivo,30000,40000,30.0,40.0,10.0
vggtest_ddshpQOcrG4_120000_130000,ddshpQOcrG4,120000,130000,120.0,130.0,10.0
vggtest_dfXl7_lnt0U_109000_119000,dfXl7_lnt0U,109000,119000,109.0,119.0,10.0
vggtest_dfrps0BtQQQ_80000_90000,dfrps0BtQQQ,80000,90000,80.0,90.0,10.0
vggtest_dq32VQZwRx0_2000_12000,dq32VQZwRx0,2000,12000,2.0,12.0,10.0
vggtest_dqt_MzUQ20M_80000_90000,dqt_MzUQ20M,80000,90000,80.0,90.0,10.0
vggtest_dxDbrvoKTD8_331000_341000,dxDbrvoKTD8,331000,341000,331.0,341.0,10.0
vggtest_e42ylHtkQ5M_30000_40000,e42ylHtkQ5M,30000,40000,30.0,40.0,10.0
vggtest_eFzyxoc1w1g_10000_20000,eFzyxoc1w1g,10000,20000,10.0,20.0,10.0
vggtest_eJSpibgl0-c_30000_40000,eJSpibgl0-c,30000,40000,30.0,40.0,10.0
vggtest_eMQQRvh-BUI_30000_40000,eMQQRvh-BUI,30000,40000,30.0,40.0,10.0
vggtest_eO_Z0BiT43M_292000_302000,eO_Z0BiT43M,292000,302000,292.0,302.0,10.0
vggtest_eWO7qLUgjjk_173000_183000,eWO7qLUgjjk,173000,183000,173.0,183.0,10.0
vggtest_eZUfoLIVrJ8_220000_230000,eZUfoLIVrJ8,220000,230000,220.0,230.0,10.0
vggtest_eayGg2OlHOw_10000_20000,eayGg2OlHOw,10000,20000,10.0,20.0,10.0
vggtest_ehMAmSwqiaA_75000_85000,ehMAmSwqiaA,75000,85000,75.0,85.0,10.0
vggtest_eipkKgTKAN8_40000_50000,eipkKgTKAN8,40000,50000,40.0,50.0,10.0
vggtest_elKhJvAaRlc_8000_18000,elKhJvAaRlc,8000,18000,8.0,18.0,10.0
vggtest_eoINKEFklgM_0_10000,eoINKEFklgM,0,10000,0.0,10.0,10.0
vggtest_ewm9cpk6GmY_30000_40000,ewm9cpk6GmY,30000,40000,30.0,40.0,10.0
vggtest_f-3r6Pou7UM_15000_25000,f-3r6Pou7UM,15000,25000,15.0,25.0,10.0
vggtest_f4X127h2Slk_37000_47000,f4X127h2Slk,37000,47000,37.0,47.0,10.0
vggtest_f52NbtQr2KQ_10000_20000,f52NbtQr2KQ,10000,20000,10.0,20.0,10.0
vggtest_f6wrXzvByrg_30000_40000,f6wrXzvByrg,30000,40000,30.0,40.0,10.0
vggtest_fAns8GJzYeQ_30000_40000,fAns8GJzYeQ,30000,40000,30.0,40.0,10.0
vggtest_fFX04tOPv8s_0_10000,fFX04tOPv8s,0,10000,0.0,10.0,10.0
vggtest_fGvhcD5G82M_7000_17000,fGvhcD5G82M,7000,17000,7.0,17.0,10.0
vggtest_fOc6JNNdLaQ_30000_40000,fOc6JNNdLaQ,30000,40000,30.0,40.0,10.0
vggtest_fjJPvFZswhg_30000_40000,fjJPvFZswhg,30000,40000,30.0,40.0,10.0
vggtest_fjWN2sQcR2s_30000_40000,fjWN2sQcR2s,30000,40000,30.0,40.0,10.0
vggtest_ftVOFLwSxCg_22000_32000,ftVOFLwSxCg,22000,32000,22.0,32.0,10.0
vggtest_fzOqjKHcx0w_229000_239000,fzOqjKHcx0w,229000,239000,229.0,239.0,10.0
vggtest_g2at4AqJsqk_142000_152000,g2at4AqJsqk,142000,152000,142.0,152.0,10.0
vggtest_g9Qah25_yH0_14000_24000,g9Qah25_yH0,14000,24000,14.0,24.0,10.0
vggtest_gAqXWyyk1BE_30000_40000,gAqXWyyk1BE,30000,40000,30.0,40.0,10.0
vggtest_gGmvLozUXgE_24000_34000,gGmvLozUXgE,24000,34000,24.0,34.0,10.0
vggtest_gM1DIbory6A_120000_130000,gM1DIbory6A,120000,130000,120.0,130.0,10.0
vggtest_gPekns88rQA_270000_280000,gPekns88rQA,270000,280000,270.0,280.0,10.0
vggtest_gd2-qjVH_DI_20000_30000,gd2-qjVH_DI,20000,30000,20.0,30.0,10.0
vggtest_gd2-qjVH_DI_32000_42000,gd2-qjVH_DI,32000,42000,32.0,42.0,10.0
vggtest_gh4oE_5g4YY_439000_449000,gh4oE_5g4YY,439000,449000,439.0,449.0,10.0
vggtest_gqYkg6Y3MHg_11000_21000,gqYkg6Y3MHg,11000,21000,11.0,21.0,10.0
vggtest_guGNQyMTm8Y_101000_111000,guGNQyMTm8Y,101000,111000,101.0,111.0,10.0
vggtest_h3RdxdQEv4U_85000_95000,h3RdxdQEv4U,85000,95000,85.0,95.0,10.0
vggtest_hIo3lkALDlg_50000_60000,hIo3lkALDlg,50000,60000,50.0,60.0,10.0
vggtest_hT2FAykn0Ao_35000_45000,hT2FAykn0Ao,35000,45000,35.0,45.0,10.0
vggtest_hcOkk03PnZE_110000_120000,hcOkk03PnZE,110000,120000,110.0,120.0,10.0
vggtest_hp-1ncwHRto_26000_36000,hp-1ncwHRto,26000,36000,26.0,36.0,10.0
vggtest_hpLvqSrTRTQ_30000_40000,hpLvqSrTRTQ,30000,40000,30.0,40.0,10.0
vggtest_hrqspJV1DT8_99000_109000,hrqspJV1DT8,99000,109000,99.0,109.0,10.0
vggtest_hsBRizlT4Gw_160000_170000,hsBRizlT4Gw,160000,170000,160.0,170.0,10.0
vggtest_hzcbx3uU3SI_73000_83000,hzcbx3uU3SI,73000,83000,73.0,83.0,10.0
vggtest_i3022Z7Sm-A_123000_133000,i3022Z7Sm-A,123000,133000,123.0,133.0,10.0
vggtest_i8kGE-XRat4_11000_21000,i8kGE-XRat4,11000,21000,11.0,21.0,10.0
vggtest_iAK8xAOUob8_297000_307000,iAK8xAOUob8,297000,307000,297.0,307.0,10.0
vggtest_iUoFC-GUq8o_113000_123000,iUoFC-GUq8o,113000,123000,113.0,123.0,10.0
vggtest_idS-vH-vTw0_111000_121000,idS-vH-vTw0,111000,121000,111.0,121.0,10.0
vggtest_ieZmQbzQYtw_0_10000,ieZmQbzQYtw,0,10000,0.0,10.0,10.0
vggtest_ipSnR0fR_uA_44000_54000,ipSnR0fR_uA,44000,54000,44.0,54.0,10.0
vggtest_ipx_reb1Kfc_0_10000,ipx_reb1Kfc,0,10000,0.0,10.0,10.0
vggtest_ivJmbhteIKE_28000_38000,ivJmbhteIKE,28000,38000,28.0,38.0,10.0
vggtest_j1JUsTMZcuY_4000_14000,j1JUsTMZcuY,4000,14000,4.0,14.0,10.0
vggtest_j7Vej9AOKY0_31000_41000,j7Vej9AOKY0,31000,41000,31.0,41.0,10.0
vggtest_jBbwzM6A6Bo_42000_52000,jBbwzM6A6Bo,42000,52000,42.0,52.0,10.0
vggtest_jEP-WEblweY_115000_125000,jEP-WEblweY,115000,125000,115.0,125.0,10.0
vggtest_jPKhBkLgFLk_16000_26000,jPKhBkLgFLk,16000,26000,16.0,26.0,10.0
vggtest_jUBBGxyAN4M_19000_29000,jUBBGxyAN4M,19000,29000,19.0,29.0,10.0
vggtest_jZ9mYtCAGf8_150000_160000,jZ9mYtCAGf8,150000,160000,150.0,160.0,10.0
vggtest_jaI41fTAM54_30000_40000,jaI41fTAM54,30000,40000,30.0,40.0,10.0
vggtest_jii46gf1UkM_140000_150000,jii46gf1UkM,140000,150000,140.0,150.0,10.0
vggtest_jr2kxASSRBY_30000_40000,jr2kxASSRBY,30000,40000,30.0,40.0,10.0
vggtest_jzBR9ihZBbI_140000_150000,jzBR9ihZBbI,140000,150000,140.0,150.0,10.0
vggtest_k3AYfr6PIgs_19000_29000,k3AYfr6PIgs,19000,29000,19.0,29.0,10.0
vggtest_kAOsa6_9wBY_103000_113000,kAOsa6_9wBY,103000,113000,103.0,113.0,10.0
vggtest_kTu8XtF-gzc_57000_67000,kTu8XtF-gzc,57000,67000,57.0,67.0,10.0
vggtest_kVuG_F3qCuY_176000_186000,kVuG_F3qCuY,176000,186000,176.0,186.0,10.0
vggtest_kZQkCqkUBVA_168000_178000,kZQkCqkUBVA,168000,178000,168.0,178.0,10.0
vggtest_kcVxxsZdhds_30000_40000,kcVxxsZdhds,30000,40000,30.0,40.0,10.0
vggtest_kdanFLQ7A_s_0_10000,kdanFLQ7A_s,0,10000,0.0,10.0,10.0
vggtest_kjGjMDpTzvs_320000_330000,kjGjMDpTzvs,320000,330000,320.0,330.0,10.0
vggtest_kps82JmgoVg_74000_84000,kps82JmgoVg,74000,84000,74.0,84.0,10.0
vggtest_l-iIfi3SNpw_120000_130000,l-iIfi3SNpw,120000,130000,120.0,130.0,10.0
vggtest_l-kcXXZIVLs_190000_200000,l-kcXXZIVLs,190000,200000,190.0,200.0,10.0
vggtest_l0wtTeAUdhI_69000_79000,l0wtTeAUdhI,69000,79000,69.0,79.0,10.0
vggtest_l5g1RkSYZdw_30000_40000,l5g1RkSYZdw,30000,40000,30.0,40.0,10.0
vggtest_l9ElMSuNwnI_134000_144000,l9ElMSuNwnI,134000,144000,134.0,144.0,10.0
vggtest_lAznHBBQkp4_30000_40000,lAznHBBQkp4,30000,40000,30.0,40.0,10.0
vggtest_lF1C6JSDZJU_209000_219000,lF1C6JSDZJU,209000,219000,209.0,219.0,10.0
vggtest_lI3P985JB7k_105000_115000,lI3P985JB7k,105000,115000,105.0,115.0,10.0
vggtest_lNg2y6SRZPo_220000_230000,lNg2y6SRZPo,220000,230000,220.0,230.0,10.0
vggtest_lO1rUT_MTjk_210000_220000,lO1rUT_MTjk,210000,220000,210.0,220.0,10.0
vggtest_lP20BVmwPpU_108000_118000,lP20BVmwPpU,108000,118000,108.0,118.0,10.0
vggtest_lRyNx9_7NIM_110000_120000,lRyNx9_7NIM,110000,120000,110.0,120.0,10.0
vggtest_lh9MwUqQI0Q_66000_76000,lh9MwUqQI0Q,66000,76000,66.0,76.0,10.0
vggtest_lm8Q2xGOvbQ_16000_26000,lm8Q2xGOvbQ,16000,26000,16.0,26.0,10.0
vggtest_lqWv4X8OhkA_300000_310000,lqWv4X8OhkA,300000,310000,300.0,310.0,10.0
vggtest_lqeAf-DqE3I_140000_150000,lqeAf-DqE3I,140000,150000,140.0,150.0,10.0
vggtest_lqnw0Q13tDc_30000_40000,lqnw0Q13tDc,30000,40000,30.0,40.0,10.0
vggtest_lzXvsIeFtDI_327000_337000,lzXvsIeFtDI,327000,337000,327.0,337.0,10.0
vggtest_mCaniZpghFE_310000_320000,mCaniZpghFE,310000,320000,310.0,320.0,10.0
vggtest_mDovspDoLAE_30000_40000,mDovspDoLAE,30000,40000,30.0,40.0,10.0
vggtest_mGKX6kwKvSE_340000_350000,mGKX6kwKvSE,340000,350000,340.0,350.0,10.0
vggtest_mK_y20VBdZM_307000_317000,mK_y20VBdZM,307000,317000,307.0,317.0,10.0
vggtest_mNkqURQhM0c_41000_51000,mNkqURQhM0c,41000,51000,41.0,51.0,10.0
vggtest_mXhgTalUktk_540000_550000,mXhgTalUktk,540000,550000,540.0,550.0,10.0
vggtest_mZ_z2lorJeY_70000_80000,mZ_z2lorJeY,70000,80000,70.0,80.0,10.0
vggtest_mcrf1Mb99d4_68000_78000,mcrf1Mb99d4,68000,78000,68.0,78.0,10.0
vggtest_mh6JxDJ0Bno_30000_40000,mh6JxDJ0Bno,30000,40000,30.0,40.0,10.0
vggtest_mjhlzNVpnXs_26000_36000,mjhlzNVpnXs,26000,36000,26.0,36.0,10.0
vggtest_mr8uEQKL1GY_161000_171000,mr8uEQKL1GY,161000,171000,161.0,171.0,10.0
vggtest_mxy5qcJckDQ_195000_205000,mxy5qcJckDQ,195000,205000,195.0,205.0,10.0
vggtest_myOH_8igzTw_161000_171000,myOH_8igzTw,161000,171000,161.0,171.0,10.0
vggtest_n-1ho8xiSGU_2000_12000,n-1ho8xiSGU,2000,12000,2.0,12.0,10.0
vggtest_n6lloBIIZ-k_30000_40000,n6lloBIIZ-k,30000,40000,30.0,40.0,10.0
vggtest_nEX4I5j6H-Y_151000_161000,nEX4I5j6H-Y,151000,161000,151.0,161.0,10.0
vggtest_nMUUYby3ZQQ_64000_74000,nMUUYby3ZQQ,64000,74000,64.0,74.0,10.0
vggtest_n_k5FKt3X64_30000_40000,n_k5FKt3X64,30000,40000,30.0,40.0,10.0
vggtest_nbPY6Y1ffgo_40000_50000,nbPY6Y1ffgo,40000,50000,40.0,50.0,10.0
vggtest_nb_7c2xPKYA_400000_410000,nb_7c2xPKYA,400000,410000,400.0,410.0,10.0
vggtest_nbjXrDmWMQg_184000_194000,nbjXrDmWMQg,184000,194000,184.0,194.0,10.0
vggtest_nfitcQXx-Y0_20000_30000,nfitcQXx-Y0,20000,30000,20.0,30.0,10.0
vggtest_nhxCeq3sg2U_153000_163000,nhxCeq3sg2U,153000,163000,153.0,163.0,10.0
vggtest_nou1eQNbW30_2000_12000,nou1eQNbW30,2000,12000,2.0,12.0,10.0
vggtest_nt9PKJU4LLk_47000_57000,nt9PKJU4LLk,47000,57000,47.0,57.0,10.0
vggtest_nzpnWuk3RjU_170000_180000,nzpnWuk3RjU,170000,180000,170.0,180.0,10.0
vggtest_o-HDwb0wIXA_66000_76000,o-HDwb0wIXA,66000,76000,66.0,76.0,10.0
vggtest_o0Bn4m6dQbI_100000_110000,o0Bn4m6dQbI,100000,110000,100.0,110.0,10.0
vggtest_o3cRTYrLXnk_46000_56000,o3cRTYrLXnk,46000,56000,46.0,56.0,10.0
vggtest_oD0Xp--xxjE_30000_40000,oD0Xp--xxjE,30000,40000,30.0,40.0,10.0
vggtest_oOoxb4Fr65k_0_10000,oOoxb4Fr65k,0,10000,0.0,10.0,10.0
vggtest_oSj9IbDiWks_0_10000,oSj9IbDiWks,0,10000,0.0,10.0,10.0
vggtest_oVcQgIsw2Ac_30000_40000,oVcQgIsw2Ac,30000,40000,30.0,40.0,10.0
vggtest_oYFvyJtgE2E_108000_118000,oYFvyJtgE2E,108000,118000,108.0,118.0,10.0
vggtest_oiNhFODWPVk_185000_195000,oiNhFODWPVk,185000,195000,185.0,195.0,10.0
vggtest_onSfjunyI1A_13000_23000,onSfjunyI1A,13000,23000,13.0,23.0,10.0
vggtest_p0c-sBtVkio_187000_197000,p0c-sBtVkio,187000,197000,187.0,197.0,10.0
vggtest_pFlcqWQVVuU_55000_65000,pFlcqWQVVuU,55000,65000,55.0,65.0,10.0
vggtest_pWLDewht-Kw_156000_166000,pWLDewht-Kw,156000,166000,156.0,166.0,10.0
vggtest_pcGbob7fSgE_40000_50000,pcGbob7fSgE,40000,50000,40.0,50.0,10.0
vggtest_pfB7MFteFFY_95000_105000,pfB7MFteFFY,95000,105000,95.0,105.0,10.0
vggtest_pjtJGwhmi9I_66000_76000,pjtJGwhmi9I,66000,76000,66.0,76.0,10.0
vggtest_ptw48aDb4Ms_124000_134000,ptw48aDb4Ms,124000,134000,124.0,134.0,10.0
vggtest_q6Fcpz4du20_311000_321000,q6Fcpz4du20,311000,321000,311.0,321.0,10.0
vggtest_qA1XfVDXoMc_295000_305000,qA1XfVDXoMc,295000,305000,295.0,305.0,10.0
vggtest_qEBAFHQkGnc_164000_174000,qEBAFHQkGnc,164000,174000,164.0,174.0,10.0
vggtest_qFW6oa3jgg8_210000_220000,qFW6oa3jgg8,210000,220000,210.0,220.0,10.0
vggtest_qGcLhHbGrIg_0_10000,qGcLhHbGrIg,0,10000,0.0,10.0,10.0
vggtest_qJT2h5uGAC0_930000_940000,qJT2h5uGAC0,930000,940000,930.0,940.0,10.0
vggtest_qMKO8bQpzMg_90000_100000,qMKO8bQpzMg,90000,100000,90.0,100.0,10.0
vggtest_qTweqjXnIU0_175000_185000,qTweqjXnIU0,175000,185000,175.0,185.0,10.0
vggtest_qUvHb5szJfs_60000_70000,qUvHb5szJfs,60000,70000,60.0,70.0,10.0
vggtest_qaZYMjKrUCo_460000_470000,qaZYMjKrUCo,460000,470000,460.0,470.0,10.0
vggtest_qadaulWp2m4_64000_74000,qadaulWp2m4,64000,74000,64.0,74.0,10.0
vggtest_qdfN5FWH1-E_227000_237000,qdfN5FWH1-E,227000,237000,227.0,237.0,10.0
vggtest_qj6xuSzUgUg_382000_392000,qj6xuSzUgUg,382000,392000,382.0,392.0,10.0
vggtest_qjHoWdDb4lM_27000_37000,qjHoWdDb4lM,27000,37000,27.0,37.0,10.0
vggtest_qoo1sZq09pQ_180000_190000,qoo1sZq09pQ,180000,190000,180.0,190.0,10.0
vggtest_qqhkKtXCiEs_112000_122000,qqhkKtXCiEs,112000,122000,112.0,122.0,10.0
vggtest_qs_-emj1qR4_30000_40000,qs_-emj1qR4,30000,40000,30.0,40.0,10.0
vggtest_qtnE1hnCD0M_30000_40000,qtnE1hnCD0M,30000,40000,30.0,40.0,10.0
vggtest_qu3cJGVvvWs_237000_247000,qu3cJGVvvWs,237000,247000,237.0,247.0,10.0
vggtest_r1XXnstW6Vk_66000_76000,r1XXnstW6Vk,66000,76000,66.0,76.0,10.0
vggtest_r4BoQxrLtic_30000_40000,r4BoQxrLtic,30000,40000,30.0,40.0,10.0
vggtest_r93h4dD3XRU_20000_30000,r93h4dD3XRU,20000,30000,20.0,30.0,10.0
vggtest_rFtAqf39OeI_86000_96000,rFtAqf39OeI,86000,96000,86.0,96.0,10.0
vggtest_rM0mOUPtSpU_60000_70000,rM0mOUPtSpU,60000,70000,60.0,70.0,10.0
vggtest_rTh92nlG9io_30000_40000,rTh92nlG9io,30000,40000,30.0,40.0,10.0
vggtest_rjGjz5DolWA_30000_40000,rjGjz5DolWA,30000,40000,30.0,40.0,10.0
vggtest_rosiOZ0VIHA_338000_348000,rosiOZ0VIHA,338000,348000,338.0,348.0,10.0
vggtest_rq4oQdSxrnI_79000_89000,rq4oQdSxrnI,79000,89000,79.0,89.0,10.0
vggtest_ryskM4LGrtk_530000_540000,ryskM4LGrtk,530000,540000,530.0,540.0,10.0
vggtest_rysr8w7aTuQ_0_10000,rysr8w7aTuQ,0,10000,0.0,10.0,10.0
vggtest_s1KjeqZlnIU_296000_306000,s1KjeqZlnIU,296000,306000,296.0,306.0,10.0
vggtest_s8PkY2iW4e8_30000_40000,s8PkY2iW4e8,30000,40000,30.0,40.0,10.0
vggtest_sKQ6qt6uT18_27000_37000,sKQ6qt6uT18,27000,37000,27.0,37.0,10.0
vggtest_sNicRCa4sTI_49000_59000,sNicRCa4sTI,49000,59000,49.0,59.0,10.0
vggtest_scoFHRlgDjs_9000_19000,scoFHRlgDjs,9000,19000,9.0,19.0,10.0
vggtest_sfXt8h7KAHM_30000_40000,sfXt8h7KAHM,30000,40000,30.0,40.0,10.0
vggtest_si_IAMPOXlQ_170000_180000,si_IAMPOXlQ,170000,180000,170.0,180.0,10.0
vggtest_snR9TvRupjU_0_10000,snR9TvRupjU,0,10000,0.0,10.0,10.0
vggtest_syJs8zsdI8o_34000_44000,syJs8zsdI8o,34000,44000,34.0,44.0,10.0
vggtest_t5kpBQv8trY_15000_25000,t5kpBQv8trY,15000,25000,15.0,25.0,10.0
vggtest_tA_NrYVTlps_24000_34000,tA_NrYVTlps,24000,34000,24.0,34.0,10.0
vggtest_tFLGKmOa0dc_30000_40000,tFLGKmOa0dc,30000,40000,30.0,40.0,10.0
vggtest_tGUWSgewh0A_270000_280000,tGUWSgewh0A,270000,280000,270.0,280.0,10.0
vggtest_tTNZYyuU_X4_30000_40000,tTNZYyuU_X4,30000,40000,30.0,40.0,10.0
vggtest_tTsvjXYDwQQ_12000_22000,tTsvjXYDwQQ,12000,22000,12.0,22.0,10.0
vggtest_tUrlSBYq_0o_30000_40000,tUrlSBYq_0o,30000,40000,30.0,40.0,10.0
vggtest_tZFs-kLTpyg_3000_13000,tZFs-kLTpyg,3000,13000,3.0,13.0,10.0
vggtest_u8D5Z_glilQ_1000_11000,u8D5Z_glilQ,1000,11000,1.0,11.0,10.0
vggtest_uCWzv5Ss-B0_30000_40000,uCWzv5Ss-B0,30000,40000,30.0,40.0,10.0
vggtest_uEMANxR3vwc_338000_348000,uEMANxR3vwc,338000,348000,338.0,348.0,10.0
vggtest_uJ4gkjQ6Jt0_190000_200000,uJ4gkjQ6Jt0,190000,200000,190.0,200.0,10.0
vggtest_uKqFWsVI250_71000_81000,uKqFWsVI250,71000,81000,71.0,81.0,10.0
vggtest_uOOGqzu-I_U_128000_138000,uOOGqzu-I_U,128000,138000,128.0,138.0,10.0
vggtest_uRhiZy8FsSU_30000_40000,uRhiZy8FsSU,30000,40000,30.0,40.0,10.0
vggtest_usfT2KJQhAc_48000_58000,usfT2KJQhAc,48000,58000,48.0,58.0,10.0
vggtest_v2-_uGob4TQ_182000_192000,v2-_uGob4TQ,182000,192000,182.0,192.0,10.0
vggtest_vchsE_Dn7mo_147000_157000,vchsE_Dn7mo,147000,157000,147.0,157.0,10.0
vggtest_vd2Ov9nGycg_31000_41000,vd2Ov9nGycg,31000,41000,31.0,41.0,10.0
vggtest_vdh5LqgvSLU_37000_47000,vdh5LqgvSLU,37000,47000,37.0,47.0,10.0
vggtest_viYxkl1BW9U_100000_110000,viYxkl1BW9U,100000,110000,100.0,110.0,10.0
vggtest_vuYE5G1C9MQ_25000_35000,vuYE5G1C9MQ,25000,35000,25.0,35.0,10.0
vggtest_vyYpxGJr7zI_30000_40000,vyYpxGJr7zI,30000,40000,30.0,40.0,10.0
vggtest_vzY4mHyr-F8_214000_224000,vzY4mHyr-F8,214000,224000,214.0,224.0,10.0
vggtest_w2vMywh5Nto_10000_20000,w2vMywh5Nto,10000,20000,10.0,20.0,10.0
vggtest_w9wfVOg6d1M_6000_16000,w9wfVOg6d1M,6000,16000,6.0,16.0,10.0
vggtest_wDg2v3NuCoQ_75000_85000,wDg2v3NuCoQ,75000,85000,75.0,85.0,10.0
vggtest_wJM6BaJ027w_496000_506000,wJM6BaJ027w,496000,506000,496.0,506.0,10.0
vggtest_wMLgi-rb6UM_0_10000,wMLgi-rb6UM,0,10000,0.0,10.0,10.0
vggtest_wOzgCyoi9l8_74000_84000,wOzgCyoi9l8,74000,84000,74.0,84.0,10.0
vggtest_wTduj6YOVuU_10000_20000,wTduj6YOVuU,10000,20000,10.0,20.0,10.0
vggtest_wVK0m7FDkGs_58000_68000,wVK0m7FDkGs,58000,68000,58.0,68.0,10.0
vggtest_wVLyIVxZ4PY_533000_543000,wVLyIVxZ4PY,533000,543000,533.0,543.0,10.0
vggtest_wYNKH0Ou9vM_80000_90000,wYNKH0Ou9vM,80000,90000,80.0,90.0,10.0
vggtest_wdbIsk487Fw_100000_110000,wdbIsk487Fw,100000,110000,100.0,110.0,10.0
vggtest_wr72HohtJ6Q_25000_35000,wr72HohtJ6Q,25000,35000,25.0,35.0,10.0
vggtest_wuz0curb_hg_180000_190000,wuz0curb_hg,180000,190000,180.0,190.0,10.0
vggtest_wvlhGSXTEoE_430000_440000,wvlhGSXTEoE,430000,440000,430.0,440.0,10.0
vggtest_xC01ty1ngVQ_2000_12000,xC01ty1ngVQ,2000,12000,2.0,12.0,10.0
vggtest_xIG97I7qRz8_97000_107000,xIG97I7qRz8,97000,107000,97.0,107.0,10.0
vggtest_xN-nKHyKx3E_504000_514000,xN-nKHyKx3E,504000,514000,504.0,514.0,10.0
vggtest_xTDmWAfnFl0_181000_191000,xTDmWAfnFl0,181000,191000,181.0,191.0,10.0
vggtest_xXGIKM4daMU_30000_40000,xXGIKM4daMU,30000,40000,30.0,40.0,10.0
vggtest_xX_x4lBDBVU_42000_52000,xX_x4lBDBVU,42000,52000,42.0,52.0,10.0
vggtest_x_i_FLv7pNA_21000_31000,x_i_FLv7pNA,21000,31000,21.0,31.0,10.0
vggtest_xfGXhVboW9U_50000_60000,xfGXhVboW9U,50000,60000,50.0,60.0,10.0
vggtest_xnMI64kXQA8_252000_262000,xnMI64kXQA8,252000,262000,252.0,262.0,10.0
vggtest_xooxjB2CNgE_166000_176000,xooxjB2CNgE,166000,176000,166.0,176.0,10.0
vggtest_xtEfTSC1PKc_187000_197000,xtEfTSC1PKc,187000,197000,187.0,197.0,10.0
vggtest_xv35vO58cjY_271000_281000,xv35vO58cjY,271000,281000,271.0,281.0,10.0
vggtest_xwDJy7bJurM_277000_287000,xwDJy7bJurM,277000,287000,277.0,287.0,10.0
vggtest_xwrpD8jQupw_81000_91000,xwrpD8jQupw,81000,91000,81.0,91.0,10.0
vggtest_y9_9tveI1OY_100000_110000,y9_9tveI1OY,100000,110000,100.0,110.0,10.0
vggtest_yGeIkgt-Hr0_19000_29000,yGeIkgt-Hr0,19000,29000,19.0,29.0,10.0
vggtest_yc4mmvlO39M_30000_40000,yc4mmvlO39M,30000,40000,30.0,40.0,10.0
vggtest_ycOM6mmzeok_494000_504000,ycOM6mmzeok,494000,504000,494.0,504.0,10.0
vggtest_yy0n-N17n04_10000_20000,yy0n-N17n04,10000,20000,10.0,20.0,10.0
vggtest_yzPMm0wRN-E_194000_204000,yzPMm0wRN-E,194000,204000,194.0,204.0,10.0
vggtest_zBabZOv4dGw_380000_390000,zBabZOv4dGw,380000,390000,380.0,390.0,10.0
vggtest_zHmBpBw3Fnw_43000_53000,zHmBpBw3Fnw,43000,53000,43.0,53.0,10.0
vggtest_zZgNyJ4eQwk_22000_32000,zZgNyJ4eQwk,22000,32000,22.0,32.0,10.0
vggtest_zayC5mUo7sY_100000_110000,zayC5mUo7sY,100000,110000,100.0,110.0,10.0
vggtest_zgM0pD0JIqc_0_10000,zgM0pD0JIqc,0,10000,0.0,10.0,10.0
vggtest_zgmAvQF1ojQ_49000_59000,zgmAvQF1ojQ,49000,59000,49.0,59.0,10.0
vggtest_zhFzDzfOCik_111000_121000,zhFzDzfOCik,111000,121000,111.0,121.0,10.0
vggtest_zk4YZ_mbx2c_12000_22000,zk4YZ_mbx2c,12000,22000,12.0,22.0,10.0
vggtest_zra3SOgAsyg_31000_41000,zra3SOgAsyg,31000,41000,31.0,41.0,10.0
vggtest_zxpo56cpUBU_7000_17000,zxpo56cpUBU,7000,17000,7.0,17.0,10.0
vggtest_zzqrZOq928w_55000_65000,zzqrZOq928w,55000,65000,55.0,65.0,10.0
